rank,drug_id,drug_name,score,raw_score,status
1,CHEMBL1200383,BENZTROPINE MESYLATE,1.0,2.691,known
2,CHEMBL493,BROMOCRIPTINE,0.9903,2.5653,known
3,CHEMBL1206,ETHOPROPAZINE,0.9901,2.5626,known
4,CHEMBL1201023,ORPHENADRINE HYDROCHLORIDE,0.9874,2.5287,known
5,CHEMBL6067988,RASAGILINE TARTRATE,0.9848,2.4944,known
6,CHEMBL1490,TRIHEXYPHENIDYL,0.9832,2.4737,known
7,CHEMBL887,RASAGILINE,0.9702,2.3059,known
8,CHEMBL1201342,METHIXENE,0.9678,2.2758,known
9,CHEMBL48582,SAFINAMIDE MESYLATE,0.9657,2.2477,known
10,CHEMBL86715,PROCYCLIDINE,0.964,2.2267,known
11,CHEMBL589,ROPINIROLE,0.9617,2.1963,known
12,CHEMBL531,PERGOLIDE,0.9602,2.1771,known
13,CHEMBL396778,SAFINAMIDE,0.9568,2.1328,known
14,CHEMBL1009,LEVODOPA,0.9512,2.0603,known
15,CHEMBL1101,BIPERIDEN,0.9503,2.0494,known
16,CHEMBL1201142,RASAGILINE MESYLATE,0.9457,1.9905,known
17,CHEMBL431770,ISTRADEFYLLINE,0.9432,1.9576,known
18,CHEMBL1089318,OPICAPONE,0.9428,1.9524,known
19,CHEMBL2448613,PIMAVANSERIN TARTRATE,0.9228,1.6941,known
20,CHEMBL1201203,BENZTROPINE,0.9182,1.6345,known
21,CHEMBL1324,TOLCAPONE,0.8983,1.378,known
22,CHEMBL3187985,APOMORPHINE HYDROCHLORIDE,0.8975,1.3673,known
23,CHEMBL1201092,RIVASTIGMINE TARTRATE,0.8953,1.3395,known
24,CHEMBL1395,METHYLTESTOSTERONE,0.8926,1.3039,novel
25,CHEMBL953,ENTACAPONE,0.8921,1.2982,known
26,CHEMBL972,SELEGILINE,0.8909,1.2826,known
27,CHEMBL53,APOMORPHINE,0.8873,1.2364,known
28,CHEMBL660,AMANTADINE,0.879,1.1283,known
29,CHEMBL1200411,ROPINIROLE HYDROCHLORIDE,0.875,1.0769,known
30,CHEMBL3301611,AMIFAMPRIDINE PHOSPHATE,0.8729,1.0502,novel
31,CHEMBL717,MEDROXYPROGESTERONE ACETATE,0.8654,0.953,novel
32,CHEMBL1201087,CABERGOLINE,0.8625,0.916,known
33,CHEMBL1303,ROTIGOTINE,0.8583,0.8608,known
34,CHEMBL3833373,AVELUMAB,0.8536,0.8013,novel
35,CHEMBL3989517,IOFLUPANE I 123,0.8524,0.7845,known
36,CHEMBL3182733,PRAMIPEXOLE DIHYDROCHLORIDE,0.8521,0.7807,known
37,CHEMBL1091,HYDROCORTISONE ACETATE,0.8511,0.7682,novel
38,CHEMBL301265,PRAMIPEXOLE,0.8463,0.7059,known
39,CHEMBL1908360,EVEROLIMUS,0.8446,0.6844,novel
40,CHEMBL1200908,HALOBETASOL PROPIONATE,0.8408,0.6351,novel
41,CHEMBL636,RIVASTIGMINE,0.8395,0.6183,known
42,CHEMBL256087,MENTHOL,0.8388,0.6097,novel
43,CHEMBL2146146,ATROPINE SULFATE,0.824,0.4184,known
44,CHEMBL1709,SERTRALINE HYDROCHLORIDE,0.8211,0.3804,novel
45,CHEMBL1201129,DECITABINE,0.8137,0.2855,novel
46,CHEMBL1743079,TEPROTUMUMAB,0.813,0.277,novel
47,CHEMBL2096639,BACITRACIN ZINC,0.8103,0.2416,novel
48,CHEMBL1445,FLUOXYMESTERONE,0.8102,0.2404,novel
49,CHEMBL1743034,IXEKIZUMAB,0.8079,0.2107,novel
50,CHEMBL3181947,BROMFENAC SODIUM,0.8074,0.2042,novel
51,CHEMBL386630,TESTOSTERONE,0.8061,0.1872,novel
52,CHEMBL1201835,USTEKINUMAB,0.8039,0.1584,novel
53,CHEMBL539,ACETIC ACID,0.8008,0.1187,novel
54,CHEMBL1200980,ESTROPIPATE,0.8007,0.118,novel
55,CHEMBL1200335,TESTOSTERONE ENANTHATE,0.7998,0.1059,novel
56,CHEMBL1541,CEFIXIME,0.7993,0.1,novel
57,CHEMBL1164729,FEBUXOSTAT,0.7981,0.0837,novel
58,CHEMBL1201649,"ESTROGENS, CONJUGATED",0.796,0.0573,novel
59,CHEMBL1200503,BROMOCRIPTINE MESYLATE,0.796,0.0569,known
60,CHEMBL4297911,SPESOLIMAB,0.7942,0.0339,novel
61,CHEMBL427,MECHLORETHAMINE,0.7923,0.0096,novel
62,CHEMBL1200748,CARBIDOPA,0.7913,-0.0034,known
63,CHEMBL1201834,CANAKINUMAB,0.7908,-0.0103,novel
64,CHEMBL1201572,ETANERCEPT,0.7906,-0.0135,novel
65,CHEMBL514800,APREMILAST,0.7901,-0.0193,novel
66,CHEMBL135,ESTRADIOL,0.7891,-0.0319,novel
67,CHEMBL2108681,TILDRAKIZUMAB,0.7888,-0.0356,novel
68,CHEMBL2103868,CABOZANTINIB S-MALATE,0.7887,-0.0379,novel
69,CHEMBL1201830,RILONACEPT,0.7886,-0.0388,novel
70,CHEMBL1201594,RASBURICASE,0.7879,-0.0472,novel
71,CHEMBL259571,TAPINAROF,0.7852,-0.0825,novel
72,CHEMBL1201182,TEMSIROLIMUS,0.785,-0.0845,novel
73,CHEMBL1670,MITOTANE,0.7814,-0.131,novel
74,CHEMBL343448,ROMIDEPSIN,0.7812,-0.1342,novel
75,CHEMBL4297700,BIMEKIZUMAB,0.7807,-0.1412,novel
76,CHEMBL582,ISOPROPYL ALCOHOL,0.7782,-0.1725,novel
77,CHEMBL3545253,FLORTAUCIPIR F 18,0.7776,-0.1807,novel
78,CHEMBL1201468,"ESTROGENS, ESTERIFIED",0.7764,-0.1967,novel
79,CHEMBL3622821,UPADACITINIB,0.7762,-0.1994,novel
80,CHEMBL535,SUNITINIB,0.7758,-0.2041,novel
81,CHEMBL1766,DESOXIMETASONE,0.7757,-0.2049,novel
82,CHEMBL1201101,TESTOSTERONE CYPIONATE,0.7755,-0.2084,novel
83,CHEMBL4297981,IMLIFIDASE,0.7735,-0.2332,novel
84,CHEMBL1450,ATOVAQUONE,0.7733,-0.2366,novel
85,CHEMBL1659,CHLORPHENIRAMINE MALEATE,0.7722,-0.2511,novel
86,CHEMBL1742996,BRODALUMAB,0.7709,-0.2669,novel
87,CHEMBL3833384,EFLAPEGRASTIM,0.7706,-0.2714,novel
88,CHEMBL4297533,BREMELANOTIDE ACETATE,0.77,-0.2788,novel
89,CHEMBL389621,HYDROCORTISONE,0.77,-0.2791,novel
90,CHEMBL2095206,BOSUTINIB MONOHYDRATE,0.769,-0.2919,novel
91,CHEMBL535650,MEFLOQUINE HYDROCHLORIDE,0.7672,-0.3154,novel
92,CHEMBL1200485,SORAFENIB TOSYLATE,0.7654,-0.338,novel
93,CHEMBL1743041,MOGAMULIZUMAB,0.7646,-0.3492,novel
94,CHEMBL231068,FLIBANSERIN,0.7638,-0.3588,novel
95,CHEMBL1642,IMATINIB MESYLATE,0.7636,-0.3614,novel
96,CHEMBL4297955,FOLLITROPIN,0.7617,-0.3866,novel
97,CHEMBL1201198,PEMIROLAST,0.7603,-0.4042,novel
98,CHEMBL3990029,RISANKIZUMAB,0.7602,-0.4048,novel
99,CHEMBL4297819,ROPEGINTERFERON ALFA-2B,0.7589,-0.4216,novel
100,CHEMBL4585668,BELZUTIFAN,0.7583,-0.4299,novel
101,CHEMBL4297185,DAROLUTAMIDE,0.7576,-0.4393,novel
102,CHEMBL1201014,PREDNISOLONE SODIUM PHOSPHATE,0.7574,-0.4413,novel
103,CHEMBL1370,BUDESONIDE,0.757,-0.4473,novel
104,CHEMBL221959,TOFACITINIB,0.7562,-0.4573,novel
105,CHEMBL2364635,TAFENOQUINE SUCCINATE,0.7556,-0.4645,novel
106,CHEMBL1200580,SULFOXONE SODIUM,0.7553,-0.4686,novel
107,CHEMBL1364144,METHYLPREDNISOLONE ACETATE,0.7553,-0.469,novel
108,CHEMBL103,PROGESTERONE,0.7551,-0.4718,novel
109,CHEMBL1292,CLOFAZIMINE,0.7548,-0.4753,novel
110,CHEMBL1237054,PLICAMYCIN,0.7545,-0.4787,novel
111,CHEMBL1511,ESTRADIOL VALERATE,0.7535,-0.492,novel
112,CHEMBL3244648,METHOTREXATE SODIUM,0.7519,-0.5121,novel
113,CHEMBL1678,DONEPEZIL HYDROCHLORIDE,0.7514,-0.519,novel
114,CHEMBL4297862,BOTULINUM TOXIN TYPE A,0.7512,-0.5218,novel
115,CHEMBL1719,OLOPATADINE HYDROCHLORIDE,0.7492,-0.5475,novel
116,CHEMBL1082407,ENZALUTAMIDE,0.7482,-0.5598,novel
117,CHEMBL260538,ULIPRISTAL ACETATE,0.7477,-0.5671,novel
118,CHEMBL1567,SUNITINIB MALATE,0.7471,-0.5751,novel
119,CHEMBL500576,TEMOPORFIN,0.7463,-0.585,novel
120,CHEMBL74,CROMOLYN SODIUM,0.7463,-0.5852,novel
121,CHEMBL1213492,GIVINOSTAT,0.7463,-0.5854,novel
122,CHEMBL1201558,INTERFERON ALFA-2B,0.7438,-0.6167,novel
123,CHEMBL2095212,MIRABEGRON,0.7424,-0.6349,novel
124,CHEMBL1743068,SECUKINUMAB,0.7414,-0.6478,novel
125,CHEMBL688,FENTANYL CITRATE,0.7408,-0.6559,novel
126,CHEMBL2107826,VIBEGRON,0.7408,-0.6561,novel
127,CHEMBL1699,MEMANTINE HYDROCHLORIDE,0.7402,-0.6641,novel
128,CHEMBL3707227,ATEZOLIZUMAB,0.7389,-0.6806,novel
129,CHEMBL977,HYDROCORTISONE HEMISUCCINATE ANHYDROUS,0.7383,-0.6887,novel
130,CHEMBL4297220,ASCIMINIB HYDROCHLORIDE,0.7382,-0.6899,novel
131,CHEMBL1747,TOBRAMYCIN,0.7372,-0.7027,novel
132,CHEMBL1159650,CLOBETASOL PROPIONATE,0.7368,-0.7077,novel
133,CHEMBL1201583,BEVACIZUMAB,0.7368,-0.7079,novel
134,CHEMBL3286830,LORLATINIB,0.7354,-0.7261,novel
135,CHEMBL408513,BELINOSTAT,0.7351,-0.7298,novel
136,CHEMBL4559134,SELPERCATINIB,0.7348,-0.734,novel
137,CHEMBL441738,AFAMELANOTIDE,0.7339,-0.745,novel
138,CHEMBL1231,OXYBUTYNIN,0.7332,-0.7544,novel
139,CHEMBL1021,NEPAFENAC,0.7329,-0.7573,novel
140,CHEMBL1554,DACTINOMYCIN,0.7324,-0.7642,novel
141,CHEMBL1201570,ANAKINRA,0.7324,-0.7646,novel
142,CHEMBL1043,DAPSONE,0.7323,-0.7662,novel
143,CHEMBL14,CARBACHOL,0.7311,-0.7812,novel
144,CHEMBL1200750,PROMETHAZINE HYDROCHLORIDE,0.7295,-0.802,novel
145,CHEMBL2108429,MEPOLIZUMAB,0.7292,-0.8055,novel
146,CHEMBL3988900,ZINC OXIDE,0.7292,-0.8061,novel
147,CHEMBL2108658,TREMELIMUMAB,0.7291,-0.8071,novel
148,CHEMBL3039502,DUVELISIB,0.7286,-0.814,novel
149,CHEMBL160,CYCLOSPORINE,0.7283,-0.8172,novel
150,CHEMBL4298138,REPOTRECTINIB,0.7283,-0.8173,novel
151,CHEMBL1650,CORTISONE ACETATE,0.7282,-0.8188,novel
152,CHEMBL79,LIDOCAINE,0.7277,-0.8254,novel
153,CHEMBL1655,TOREMIFENE,0.7259,-0.8481,novel
154,CHEMBL2070241,BREMELANOTIDE,0.7258,-0.8494,novel
155,CHEMBL1065,METHYSERGIDE,0.7252,-0.8576,novel
156,CHEMBL2107067,TESTOSTERONE UNDECANOATE,0.725,-0.8604,novel
157,CHEMBL1230314,ESTETROL ANHYDROUS,0.7249,-0.8608,novel
158,CHEMBL2105756,TIVOZANIB HYDROCHLORIDE,0.7249,-0.8617,novel
159,CHEMBL1015,EVANS BLUE FREE ACID,0.7248,-0.8624,novel
160,CHEMBL4216467,RIPRETINIB,0.7241,-0.8712,novel
161,CHEMBL3716057,GEFAPIXANT,0.7238,-0.8759,novel
162,CHEMBL3039540,ADUCANUMAB,0.723,-0.8862,novel
163,CHEMBL1743048,OBINUTUZUMAB,0.7226,-0.8914,novel
164,CHEMBL1201566,DARBEPOETIN ALFA,0.7224,-0.8934,novel
165,CHEMBL1200703,CHLORDIAZEPOXIDE HYDROCHLORIDE,0.7217,-0.902,novel
166,CHEMBL1475,TRIOXSALEN,0.7214,-0.9063,novel
167,CHEMBL3183409,APALUTAMIDE,0.7214,-0.907,novel
168,CHEMBL21536,XANOMELINE,0.7211,-0.9109,novel
169,CHEMBL1201740,NILOTINIB HYDROCHLORIDE MONOHYDRATE,0.7205,-0.9181,novel
170,CHEMBL363295,TERODILINE,0.7202,-0.9215,novel
171,CHEMBL2364648,GUSELKUMAB,0.7202,-0.9223,novel
172,CHEMBL1569,AMANTADINE HYDROCHLORIDE,0.72,-0.9241,known
173,CHEMBL848,LENALIDOMIDE,0.7184,-0.9445,novel
174,CHEMBL3833321,LECANEMAB,0.718,-0.9506,novel
175,CHEMBL1201119,LIOTHYRONINE SODIUM,0.718,-0.9506,novel
176,CHEMBL1200728,GUANIDINE HYDROCHLORIDE,0.7177,-0.954,novel
177,CHEMBL1774461,FLORBETAPIR F 18,0.7176,-0.9553,novel
178,CHEMBL4204794,AVAPRITINIB,0.7176,-0.9555,novel
179,CHEMBL1531,ETONOGESTREL,0.7175,-0.9566,novel
180,CHEMBL1555,GALANTAMINE HYDROBROMIDE,0.7167,-0.9669,novel
181,CHEMBL4297245,DONANEMAB,0.7163,-0.9718,novel
182,CHEMBL3545376,ERDAFITINIB,0.7161,-0.9743,novel
183,CHEMBL1201102,TRIFLUPROMAZINE HYDROCHLORIDE,0.7161,-0.9748,novel
184,CHEMBL1201605,DACLIZUMAB,0.7158,-0.9786,novel
185,CHEMBL34259,METHOTREXATE,0.7156,-0.9812,novel
186,CHEMBL1201581,INFLIXIMAB,0.7153,-0.9853,novel
187,CHEMBL1200490,CETRORELIX,0.7153,-0.9853,novel
188,CHEMBL1194325,ACLIDINIUM,0.7147,-0.9935,novel
189,CHEMBL1529,DIPHENIDOL HYDROCHLORIDE,0.7145,-0.9951,novel
190,CHEMBL464,ETRETINATE,0.7137,-1.0054,novel
191,CHEMBL1900528,TIOTROPIUM,0.7136,-1.007,novel
192,CHEMBL1201747,ALCAFTADINE,0.7128,-1.0174,novel
193,CHEMBL5315093,AUTOLOGOUS CD34+ ENRICHED CELL FRACTION THAT CONTAINS CD34+ CELLS TRANSDUCED WITH RETROVIRAL VECTOR THAT ENCODES FOR THE HUMAN ADA CDNA SEQUENCE,0.7125,-1.0209,novel
194,CHEMBL502835,NINTEDANIB,0.7125,-1.0214,novel
195,CHEMBL4435170,DEUCRAVACITINIB,0.7119,-1.029,novel
196,CHEMBL1200974,CARBINOXAMINE MALEATE,0.7113,-1.0373,novel
197,CHEMBL1200340,OSELTAMIVIR PHOSPHATE,0.7101,-1.0522,novel
198,CHEMBL6068337,LENALIDOMIDE HYDROCHLORIDE MONOHYDRATE,0.7097,-1.0568,novel
199,CHEMBL2103784,COSYNTROPIN,0.7092,-1.0638,novel
200,CHEMBL1550,PHYTONADIONE,0.7089,-1.0678,novel
201,CHEMBL1201027,GLYCOPYRRONIUM BROMIDE,0.7084,-1.0744,novel
202,CHEMBL3990026,ELAPEGADEMASE,0.7077,-1.0839,novel
203,CHEMBL3833307,SATRALIZUMAB,0.7073,-1.0888,novel
204,CHEMBL193482,ESTRIOL,0.7067,-1.0957,novel
205,CHEMBL1201439,BASILIXIMAB,0.7065,-1.099,novel
206,CHEMBL2108581,CATUMAXOMAB,0.7059,-1.1066,novel
207,CHEMBL3701238,FUTIBATINIB,0.7058,-1.1075,novel
208,CHEMBL4298037,RETIFANLIMAB,0.7057,-1.1092,novel
209,CHEMBL1201580,ADALIMUMAB,0.704,-1.1315,novel
210,CHEMBL1200389,BRIMONIDINE TARTRATE,0.7034,-1.1385,novel
211,CHEMBL1580,PENTOSTATIN,0.7032,-1.1411,novel
212,CHEMBL467,HYDROXYUREA,0.703,-1.1438,novel
213,CHEMBL820,BUSULFAN,0.7027,-1.1478,novel
214,CHEMBL1274,NILUTAMIDE,0.7024,-1.1512,novel
215,CHEMBL2448612,ERGOTAMINE TARTRATE,0.7023,-1.1524,novel
216,CHEMBL3990014,MIRIKIZUMAB,0.7016,-1.162,novel
217,CHEMBL1405,ESTRONE,0.7014,-1.1644,novel
218,CHEMBL1152,PREDNISOLONE ACETATE,0.7009,-1.1706,novel
219,CHEMBL3707247,OZANIMOD,0.7004,-1.1774,novel
220,CHEMBL117785,TETRABENAZINE,0.7003,-1.1786,novel
221,CHEMBL3137343,PEMBROLIZUMAB,0.7001,-1.1816,novel
222,CHEMBL168815,CEVIMELINE,0.6998,-1.1855,novel
223,CHEMBL4298180,DARVADSTROCEL,0.6998,-1.1855,novel
224,CHEMBL1738990,LEVOPROPOXYPHENE,0.6997,-1.186,novel
225,CHEMBL3989569,IBANDRONATE SODIUM,0.6993,-1.1919,novel
226,CHEMBL1200933,HEXAFLUORENIUM BROMIDE,0.699,-1.1956,novel
227,CHEMBL1342,OXYBATE,0.6987,-1.2,novel
228,CHEMBL4297723,CEMIPLIMAB,0.6984,-1.204,novel
229,CHEMBL4298124,DOSTARLIMAB,0.6981,-1.2069,novel
230,CHEMBL108545,METHYL SALICYLATE,0.6978,-1.2114,novel
231,CHEMBL4113131,ENSARTINIB,0.6974,-1.2168,novel
232,CHEMBL294199,CAPSAICIN,0.6972,-1.219,novel
233,CHEMBL2042122,FLUTEMETAMOL F 18,0.6967,-1.2253,novel
234,CHEMBL1200609,PAROXETINE MESYLATE,0.6962,-1.2312,novel
235,CHEMBL1201550,DENILEUKIN DIFTITOX,0.6959,-1.2355,novel
236,CHEMBL917,FLOXURIDINE,0.6959,-1.2356,novel
237,CHEMBL70418,CLOBAZAM,0.6958,-1.2375,novel
238,CHEMBL1200538,BETAMETHASONE ACETATE,0.6957,-1.2382,novel
239,CHEMBL1201575,EFALIZUMAB,0.6955,-1.2408,novel
240,CHEMBL1200970,ETHOPROPAZINE HYDROCHLORIDE,0.6955,-1.241,novel
241,CHEMBL1092,TRIHEXYPHENIDYL HYDROCHLORIDE,0.6952,-1.2444,novel
242,CHEMBL1007,GONADORELIN,0.695,-1.2471,novel
243,CHEMBL354541,LOMITAPIDE,0.6941,-1.2593,novel
244,CHEMBL1200788,CISAPRIDE MONOHYDRATE,0.6938,-1.2624,novel
245,CHEMBL5314380,PASIREOTIDE DIASPARTATE,0.6936,-1.2654,novel
246,CHEMBL3545311,BRIGATINIB,0.6924,-1.2814,novel
247,CHEMBL5314379,VOCLOSPORIN,0.6923,-1.2826,novel
248,CHEMBL1619,CLADRIBINE,0.692,-1.2858,novel
249,CHEMBL354077,AMIFAMPRIDINE,0.6919,-1.2871,novel
250,CHEMBL1201464,CHORIOGONADOTROPIN ALFA,0.6918,-1.2892,novel
251,CHEMBL1421,DASATINIB ANHYDROUS,0.6904,-1.3062,novel
252,CHEMBL1200809,AZELASTINE HYDROCHLORIDE,0.6901,-1.3109,novel
253,CHEMBL203321,BRINCIDOFOVIR,0.6897,-1.3153,novel
254,CHEMBL1040,CALCIFEDIOL ANHYDROUS,0.6897,-1.3154,novel
255,CHEMBL3545181,TIOTROPIUM BROMIDE,0.6895,-1.3178,novel
256,CHEMBL4650485,PIRTOBRUTINIB,0.6895,-1.3182,novel
257,CHEMBL704,MESALAMINE,0.6893,-1.3211,novel
258,CHEMBL12,DIAZEPAM,0.689,-1.325,novel
259,CHEMBL608533,MIDOSTAURIN,0.6888,-1.3272,novel
260,CHEMBL1289926,AXITINIB,0.6885,-1.3311,novel
261,CHEMBL3989777,TRIENTINE HYDROCHLORIDE,0.6885,-1.3315,novel
262,CHEMBL3039545,LUSPATERCEPT,0.6883,-1.334,novel
263,CHEMBL1201692,FOLLITROPIN ALFA,0.6878,-1.3399,novel
264,CHEMBL1621597,IPRATROPIUM,0.6875,-1.3447,novel
265,CHEMBL193240,ROFLUMILAST,0.6874,-1.3457,novel
266,CHEMBL1742990,BELATACEPT,0.6864,-1.3589,novel
267,CHEMBL3643413,LENIOLISIB,0.6862,-1.3615,novel
268,CHEMBL1184,ACETYLCHOLINE CHLORIDE,0.6861,-1.3625,novel
269,CHEMBL27193,DILEVALOL,0.6857,-1.3679,novel
270,CHEMBL32479,BROTIZOLAM,0.6847,-1.3797,novel
271,CHEMBL515408,MARIBAVIR,0.6834,-1.3971,novel
272,CHEMBL1743043,MOXETUMOMAB PASUDOTOX,0.6827,-1.4064,novel
273,CHEMBL1185,ZOLMITRIPTAN,0.6823,-1.4118,novel
274,CHEMBL1131,ACITRETIN,0.6822,-1.4132,novel
275,CHEMBL550,PILOCARPINE,0.682,-1.4149,novel
276,CHEMBL425,OLSALAZINE,0.682,-1.4153,novel
277,CHEMBL1677,TACRINE HYDROCHLORIDE,0.6812,-1.4252,novel
278,CHEMBL3991065,ATOGEPANT,0.6809,-1.4294,novel
279,CHEMBL989,FLUOCINOLONE ACETONIDE,0.6804,-1.4355,novel
280,CHEMBL3989529,ETHANOLAMINE OLEATE,0.6802,-1.4383,novel
281,CHEMBL4297841,TISOTUMAB VEDOTIN,0.6798,-1.4441,novel
282,CHEMBL6068336,MOMELOTINIB DIHYDROCHLORIDE MONOHYDRATE,0.6791,-1.4529,novel
283,CHEMBL5315125,DUVELISIB MONOHYDRATE,0.6786,-1.4585,novel
284,CHEMBL2355051,CLOMIPHENE,0.6776,-1.4726,novel
285,CHEMBL18442,PLERIXAFOR,0.6775,-1.4732,novel
286,CHEMBL107,COLCHICINE,0.6774,-1.4743,novel
287,CHEMBL139,DICLOFENAC,0.6773,-1.4754,novel
288,CHEMBL1201171,PRAMOXINE HYDROCHLORIDE,0.6773,-1.4761,novel
289,CHEMBL566315,OBETICHOLIC ACID,0.677,-1.4796,novel
290,CHEMBL1200666,CALCIPOTRIENE,0.6766,-1.4851,novel
291,CHEMBL1257073,TECOVIRIMAT,0.6763,-1.4885,novel
292,CHEMBL1162,NORETHINDRONE,0.6762,-1.4904,novel
293,CHEMBL3989769,NEOMYCIN SULFATE,0.6762,-1.4906,novel
294,CHEMBL1201565,EPOETIN ALFA,0.6761,-1.4918,novel
295,CHEMBL1201506,GEMTUZUMAB OZOGAMICIN,0.6759,-1.4938,novel
296,CHEMBL2021430,DEXAMETHASONE SODIUM PHOSPHATE,0.6753,-1.5012,novel
297,CHEMBL3301589,ENFORTUMAB VEDOTIN,0.6752,-1.5029,novel
298,CHEMBL1107,HALOFANTRINE,0.6749,-1.5064,novel
299,CHEMBL90555,VINCRISTINE,0.6749,-1.5071,novel
300,CHEMBL2103741,LEVOTHYROXINE SODIUM,0.6749,-1.5074,novel
301,CHEMBL1355736,THEOPHYLLINE,0.6746,-1.5109,novel
302,CHEMBL61,PODOFILOX,0.6744,-1.5136,novel
303,CHEMBL4594618,BREXUCABTAGENE AUTOLEUCEL,0.6742,-1.5164,novel
304,CHEMBL1201190,LEVOCETIRIZINE DIHYDROCHLORIDE,0.674,-1.5187,novel
305,CHEMBL1200480,OCTREOTIDE ACETATE,0.6737,-1.5223,novel
306,CHEMBL1200896,DINOPROST TROMETHAMINE,0.6737,-1.5229,novel
307,CHEMBL360055,GALLAMINE,0.6736,-1.523,novel
308,CHEMBL2397415,ZAVEGEPANT,0.6735,-1.5252,novel
309,CHEMBL6068495,"CHIKUNGUNYA VIRUS, LIVE ATTENUATED",0.6731,-1.5295,novel
310,CHEMBL1201124,KETOROLAC TROMETHAMINE,0.6731,-1.5303,novel
311,CHEMBL2364638,UBROGEPANT,0.6727,-1.5357,novel
312,CHEMBL3989977,EMAPALUMAB,0.6725,-1.538,novel
313,CHEMBL1430,PENICILLAMINE,0.6723,-1.5408,novel
314,CHEMBL3989887,TACROLIMUS,0.6722,-1.5415,novel
315,CHEMBL4297522,PEMIGATINIB,0.6721,-1.5425,novel
316,CHEMBL5315126,FOLLITROPIN BETA,0.6718,-1.5473,novel
317,CHEMBL56337,EPALRESTAT,0.6715,-1.5513,novel
318,CHEMBL1510,ELETRIPTAN,0.6712,-1.5547,novel
319,CHEMBL1382627,"SULFADIAZINE, SILVER",0.6711,-1.5563,novel
320,CHEMBL416,METHOXSALEN,0.6702,-1.5679,novel
321,CHEMBL4594250,NETARSUDIL,0.6699,-1.5719,novel
322,CHEMBL566752,FLORBETABEN F18,0.6697,-1.5743,novel
323,CHEMBL2105709,QUIZARTINIB DIHYDROCHLORIDE,0.6693,-1.5794,novel
324,CHEMBL119,TRIMETREXATE,0.6692,-1.5811,novel
325,CHEMBL92,DOCETAXEL ANHYDROUS,0.6691,-1.5821,novel
326,CHEMBL4297788,MOSUNETUZUMAB,0.6688,-1.5852,novel
327,CHEMBL1200865,LOTEPREDNOL ETABONATE,0.6679,-1.5967,novel
328,CHEMBL1200384,BETAMETHASONE DIPROPIONATE,0.6677,-1.5999,novel
329,CHEMBL710,FINASTERIDE,0.6668,-1.6119,novel
330,CHEMBL594,EMEDASTINE,0.6662,-1.6187,novel
331,CHEMBL5315121,TECOVIRIMAT MONOHYDRATE,0.6662,-1.6189,novel
332,CHEMBL3039504,NINTEDANIB ESYLATE,0.666,-1.6217,novel
333,CHEMBL496,HEXACHLOROPHENE,0.6657,-1.6261,novel
334,CHEMBL3084748,TROSPIUM CHLORIDE,0.6656,-1.6264,novel
335,CHEMBL1200803,SOLIFENACIN SUCCINATE,0.6654,-1.6297,novel
336,CHEMBL2107891,TASONERMIN,0.6654,-1.6301,novel
337,CHEMBL6068373,"VACCINIA VIRUS, LIVE MODIFIED",0.6653,-1.631,novel
338,CHEMBL180022,NERATINIB,0.6652,-1.6327,novel
339,CHEMBL1108,DROPERIDOL,0.6649,-1.6354,novel
340,CHEMBL1743087,VEDOLIZUMAB,0.6649,-1.6365,novel
341,CHEMBL2105613,DIVALPROEX SODIUM,0.6645,-1.641,novel
342,CHEMBL3707393,OSILODROSTAT PHOSPHATE,0.6644,-1.642,novel
343,CHEMBL1200985,CEFTIBUTEN DIHYDRATE,0.6643,-1.6431,novel
344,CHEMBL1229211,DOLUTEGRAVIR,0.664,-1.6474,novel
345,CHEMBL4298086,POZELIMAB,0.6639,-1.6485,novel
346,CHEMBL1983350,STIRIPENTOL,0.6637,-1.6518,novel
347,CHEMBL1201748,CABAZITAXEL,0.6634,-1.6557,novel
348,CHEMBL1201567,FILGRASTIM,0.6633,-1.6564,novel
349,CHEMBL1489,AZACITIDINE,0.6633,-1.6572,novel
350,CHEMBL3989908,ENASIDENIB,0.663,-1.6608,novel
351,CHEMBL978,METHACHOLINE,0.6629,-1.662,novel
352,CHEMBL4594293,ACALABRUTINIB MALEATE,0.6625,-1.6668,novel
353,CHEMBL2107333,DIMETHYL FUMARATE,0.6622,-1.6707,novel
354,CHEMBL4298171,LINZAGOLIX CHOLINE,0.6618,-1.6762,novel
355,CHEMBL282468,CHOLINE CHLORIDE,0.6617,-1.6769,novel
356,CHEMBL1201573,OPRELVEKIN,0.6617,-1.677,novel
357,CHEMBL754,FOSCARNET SODIUM,0.6616,-1.6788,novel
358,CHEMBL3989962,PEMETREXED TROMETHAMINE,0.6615,-1.6797,novel
359,CHEMBL1852688,INFIGRATINIB,0.6614,-1.6817,novel
360,CHEMBL134,CLONIDINE,0.6614,-1.6818,novel
361,CHEMBL1289494,TIVOZANIB,0.6613,-1.6819,novel
362,CHEMBL488,AMINOGLUTETHIMIDE,0.6612,-1.684,novel
363,CHEMBL1200600,FLUOROMETHOLONE,0.6612,-1.6843,novel
364,CHEMBL3668014,LINZAGOLIX,0.6607,-1.6897,novel
365,CHEMBL3936761,ZANUBRUTINIB,0.6607,-1.69,novel
366,CHEMBL204656,ELVITEGRAVIR,0.6602,-1.6964,novel
367,CHEMBL1447,LINCOMYCIN,0.66,-1.6993,novel
368,CHEMBL2105720,LESINURAD,0.6596,-1.7048,novel
369,CHEMBL1173655,AFATINIB,0.6595,-1.7053,novel
370,CHEMBL6068354,"MEASLES VIRUS, LIVE ATTENUATED",0.659,-1.7127,novel
371,CHEMBL376897,METHSCOPOLAMINE,0.6589,-1.7133,novel
372,CHEMBL1200712,EVANS BLUE,0.6586,-1.7176,novel
373,CHEMBL1676,FLUTICASONE FUROATE,0.6585,-1.7186,novel
374,CHEMBL1722209,TOLTERODINE TARTRATE,0.6585,-1.7191,novel
375,CHEMBL5315064,FOLLITROPIN DELTA,0.6584,-1.7196,novel
376,CHEMBL1276308,MIFEPRISTONE,0.6583,-1.7212,novel
377,CHEMBL3137342,DINUTUXIMAB,0.6574,-1.7323,novel
378,CHEMBL1200927,DEXCHLORPHENIRAMINE MALEATE,0.6572,-1.7358,novel
379,CHEMBL3137308,PEFICITINIB,0.6566,-1.7429,novel
380,CHEMBL2108675,DUPILUMAB,0.6563,-1.7464,novel
381,CHEMBL866,MYCOPHENOLIC ACID,0.6563,-1.747,novel
382,CHEMBL3301607,FILGOTINIB,0.6559,-1.7519,novel
383,CHEMBL1743049,OLARATUMAB,0.6558,-1.7535,novel
384,CHEMBL2178422,RIMEGEPANT,0.6555,-1.7579,novel
385,CHEMBL5314355,POLYMYXIN B SULFATE,0.6555,-1.7579,novel
386,CHEMBL3989866,BICTEGRAVIR,0.6554,-1.7591,novel
387,CHEMBL54349,ALPIDEM,0.6552,-1.7611,novel
388,CHEMBL658,SUFENTANIL,0.655,-1.7635,novel
389,CHEMBL1399,ANASTROZOLE,0.6548,-1.7667,novel
390,CHEMBL24828,VANDETANIB,0.6543,-1.7732,novel
391,CHEMBL1201199,LEUPROLIDE,0.654,-1.7761,novel
392,CHEMBL1201161,MAFENIDE ACETATE,0.6538,-1.7798,novel
393,CHEMBL415606,DEGARELIX,0.6534,-1.7844,novel
394,CHEMBL3707348,ACALABRUTINIB,0.6534,-1.7845,novel
395,CHEMBL2005186,BELUMOSUDIL,0.6534,-1.7847,novel
396,CHEMBL746,NEDOCROMIL,0.6531,-1.7886,novel
397,CHEMBL554,LAPATINIB,0.653,-1.7901,novel
398,CHEMBL5416410,DASATINIB,0.6523,-1.7981,novel
399,CHEMBL3301603,GILTERITINIB FUMARATE,0.6523,-1.7991,novel
400,CHEMBL4594328,BEREMAGENE GEPERPAVEC,0.6522,-1.8004,novel
401,CHEMBL1356238,PYRITHIONE,0.652,-1.8024,novel
402,CHEMBL255863,NILOTINIB,0.6518,-1.8051,novel
403,CHEMBL1190,DECAMETHONIUM,0.6518,-1.8052,novel
404,CHEMBL81,RALOXIFENE,0.6518,-1.8055,novel
405,CHEMBL205596,CHOLIC ACID,0.6516,-1.8079,novel
406,CHEMBL1620,DIPHENHYDRAMINE HYDROCHLORIDE,0.6515,-1.8089,novel
407,CHEMBL1201081,METHYLPREDNISOLONE SODIUM SUCCINATE,0.6513,-1.8118,novel
408,CHEMBL1201571,ALEFACEPT,0.6507,-1.8192,novel
409,CHEMBL1201335,GLYCOPYRRONIUM,0.6505,-1.8214,novel
410,CHEMBL3786343,OLMUTINIB,0.6505,-1.8214,novel
411,CHEMBL428647,PACLITAXEL,0.6504,-1.8235,novel
412,CHEMBL1201112,NELARABINE,0.6501,-1.8265,novel
413,CHEMBL90,HISTAMINE,0.6501,-1.8272,novel
414,CHEMBL4164059,PITOLISANT HYDROCHLORIDE,0.6494,-1.8356,novel
415,CHEMBL1474963,BENZARONE,0.6493,-1.8371,novel
416,CHEMBL1201607,NATALIZUMAB,0.6493,-1.8374,novel
417,CHEMBL483254,PANOBINOSTAT,0.6492,-1.8383,novel
418,CHEMBL1201836,OFATUMUMAB,0.649,-1.8407,novel
419,CHEMBL1201733,PAZOPANIB HYDROCHLORIDE,0.649,-1.8418,novel
420,CHEMBL1201146,NORETHINDRONE ACETATE,0.6489,-1.8427,novel
421,CHEMBL1200500,BECLOMETHASONE DIPROPIONATE,0.6489,-1.843,novel
422,CHEMBL1382,TOLTERODINE,0.6486,-1.8468,novel
423,CHEMBL4594332,DONISLECEL,0.6481,-1.8533,novel
424,CHEMBL3655081,ABROCITINIB,0.648,-1.8537,novel
425,CHEMBL1170,TESTOSTERONE PROPIONATE,0.6479,-1.856,novel
426,CHEMBL2108726,TECHNETIUM TC 99M TILMANOCEPT,0.6478,-1.8571,novel
427,CHEMBL454446,CEFDITOREN PIVOXIL,0.6477,-1.858,novel
428,CHEMBL1679,LEUCOVORIN,0.6472,-1.8643,novel
429,CHEMBL4065616,REMDESIVIR,0.6472,-1.8644,novel
430,CHEMBL1200374,EXEMESTANE,0.6472,-1.8645,novel
431,CHEMBL3813873,PEXIDARTINIB,0.647,-1.8667,novel
432,CHEMBL1231574,LEVOMEFOLIC ACID,0.6469,-1.8686,novel
433,CHEMBL6067493,BLEOMYCIN SULFATE,0.6465,-1.874,novel
434,CHEMBL2105704,LENVATINIB MESYLATE,0.646,-1.8794,novel
435,CHEMBL1201746,PRALATREXATE,0.6459,-1.8814,novel
436,CHEMBL254316,RALTEGRAVIR,0.6459,-1.8816,novel
437,CHEMBL1533,DESOGESTREL,0.6457,-1.8833,novel
438,CHEMBL5095474,EXAGAMGLOGENE AUTOTEMCEL,0.6451,-1.8921,novel
439,CHEMBL4101807,VOXELOTOR,0.6446,-1.8975,novel
440,CHEMBL1542,AZATHIOPRINE,0.6446,-1.898,novel
441,CHEMBL64894,GENTIAN VIOLET,0.6446,-1.8982,novel
442,CHEMBL1355,SODIUM CITRATE,0.644,-1.9057,novel
443,CHEMBL71,CHLORPROMAZINE,0.6438,-1.909,novel
444,CHEMBL1734,SOLIFENACIN,0.6435,-1.9126,novel
445,CHEMBL3348963,TELOTRISTAT ETIPRATE,0.6433,-1.9151,novel
446,CHEMBL13280,FLUNITRAZEPAM,0.6433,-1.9153,novel
447,CHEMBL1201826,IDURSULFASE,0.643,-1.919,novel
448,CHEMBL650,METHYLPREDNISOLONE,0.6429,-1.9201,novel
449,CHEMBL1200938,METHYSERGIDE MALEATE,0.6429,-1.9204,novel
450,CHEMBL4297843,TORIPALIMAB,0.6428,-1.9214,novel
451,CHEMBL3707395,ELAFIBRANOR,0.6425,-1.9248,novel
452,CHEMBL2108730,SARILUMAB,0.6421,-1.931,novel
453,CHEMBL3894860,TRILACICLIB,0.6415,-1.9377,novel
454,CHEMBL467058,LANINAMIVIR OCTANOATE,0.6414,-1.9396,novel
455,CHEMBL76,CHLOROQUINE,0.6414,-1.9397,novel
456,CHEMBL225072,PEMETREXED,0.6409,-1.9453,novel
457,CHEMBL409,BICALUTAMIDE,0.6407,-1.9484,novel
458,CHEMBL5095292,TARLATAMAB,0.6407,-1.9486,novel
459,CHEMBL715,OLANZAPINE,0.6401,-1.9558,novel
460,CHEMBL4297213,AFAMELANOTIDE ACETATE,0.6401,-1.9563,novel
461,CHEMBL741,LAMOTRIGINE,0.6401,-1.9566,novel
462,CHEMBL635,PREDNISONE,0.6398,-1.9605,novel
463,CHEMBL1888176,TROSPIUM,0.6397,-1.9618,novel
464,CHEMBL1200681,MONTELUKAST SODIUM,0.6396,-1.9625,novel
465,CHEMBL1514,LEVOMETHADYL ACETATE,0.6389,-1.9717,novel
466,CHEMBL1200969,DUTASTERIDE,0.6388,-1.9727,novel
467,CHEMBL4085457,RITLECITINIB,0.6387,-1.9749,novel
468,CHEMBL2105629,VINFLUNINE DITARTRATE,0.6386,-1.9759,novel
469,CHEMBL1873475,IBRUTINIB,0.6385,-1.9772,novel
470,CHEMBL1201774,SAPROPTERIN,0.6382,-1.9805,novel
471,CHEMBL1724,MEPENZOLATE BROMIDE,0.638,-1.9837,novel
472,CHEMBL262777,VANCOMYCIN,0.6378,-1.9864,novel
473,CHEMBL1201266,LODOXAMIDE,0.6377,-1.9869,novel
474,CHEMBL1201346,BALSALAZIDE,0.6377,-1.9876,novel
475,CHEMBL2216870,IDELALISIB,0.6373,-1.9918,novel
476,CHEMBL1683,HYDROCORTISONE BUTYRATE,0.6371,-1.9947,novel
477,CHEMBL5095449,MOTIXAFORTIDE ACETATE,0.6371,-1.9952,novel
478,CHEMBL4298199,IDECABTAGENE VICLEUCEL,0.6368,-1.9983,novel
479,CHEMBL3948730,UMBRALISIB,0.6364,-2.0037,novel
480,CHEMBL1201749,DIFLUPREDNATE,0.6364,-2.0042,novel
481,CHEMBL1201507,GLATIRAMER ACETATE,0.6363,-2.0055,novel
482,CHEMBL1444,LETROZOLE,0.6359,-2.0109,novel
483,CHEMBL1201073,SUCCIMER,0.6357,-2.0133,novel
484,CHEMBL2403238,CABOTEGRAVIR,0.6356,-2.014,novel
485,CHEMBL6067492,BLEOMYCIN,0.6355,-2.0158,novel
486,CHEMBL831,LOXAPINE,0.6354,-2.0164,novel
487,CHEMBL11359,CISPLATIN,0.6352,-2.0194,novel
488,CHEMBL4594503,TALQUETAMAB,0.6352,-2.0199,novel
489,CHEMBL5315097,ALLOGENEIC T CELLS GENETICALLY MODIFIED WITH A RETROVIRAL VECTOR ENCODING FOR A TRUNCATED FORM OF THE HUMAN LOW AFFINITY NERVE GROWTH FACTOR RECEPTOR (DELTALNGFR) AND THE HERPES SIMPLEX I VIRUS THYMIDINE KINASE (HSV-TK MUT2),0.6351,-2.0207,novel
490,CHEMBL1252,ABARELIX,0.6351,-2.0207,novel
491,CHEMBL2040682,CICLESONIDE,0.635,-2.022,novel
492,CHEMBL1201236,CARBIDOPA ANHYDROUS,0.6349,-2.0228,novel
493,CHEMBL1201589,OMALIZUMAB,0.6339,-2.0359,novel
494,CHEMBL4297803,PEGZILARGINASE,0.6339,-2.0359,novel
495,CHEMBL4297573,TAGRAXOFUSP,0.6337,-2.0386,novel
496,CHEMBL428880,CROMOLYN,0.6334,-2.0421,novel
497,CHEMBL1328,PENTAGASTRIN,0.6331,-2.0463,novel
498,CHEMBL2105695,TELOTRISTAT ETHYL,0.6331,-2.0466,novel
499,CHEMBL1201568,PEGFILGRASTIM,0.6328,-2.0504,novel
500,CHEMBL98,VORINOSTAT,0.6328,-2.0508,novel
501,CHEMBL1201001,MECHLORETHAMINE HYDROCHLORIDE,0.6326,-2.0535,novel
502,CHEMBL4594311,BETIBEGLOGENE AUTOTEMCEL,0.6324,-2.0551,novel
503,CHEMBL1201577,CETUXIMAB,0.632,-2.0603,novel
504,CHEMBL1800159,RELUGOLIX,0.6317,-2.064,novel
505,CHEMBL1200467,HYDROXYZINE PAMOATE,0.6316,-2.0663,novel
506,CHEMBL4297984,NAXITAMAB,0.6314,-2.0683,novel
507,CHEMBL900,ORPHENADRINE,0.6313,-2.0697,novel
508,CHEMBL395110,MEPAZINE,0.6312,-2.0713,novel
509,CHEMBL3707243,GLYCOPYRRONIUM TOSYLATE,0.6312,-2.0714,novel
510,CHEMBL553,ERLOTINIB,0.6311,-2.0724,novel
511,CHEMBL1200935,DARIFENACIN HYDROBROMIDE,0.6308,-2.0767,novel
512,CHEMBL3137309,VENETOCLAX,0.6306,-2.0785,novel
513,CHEMBL1789843,BELIMUMAB,0.6305,-2.0801,novel
514,CHEMBL679,EPINEPHRINE,0.6302,-2.0843,novel
515,CHEMBL1640,TRYPAN BLUE,0.6297,-2.0907,novel
516,CHEMBL83,TAMOXIFEN,0.6297,-2.0908,novel
517,CHEMBL1614701,SELUMETINIB,0.6295,-2.0933,novel
518,CHEMBL6067642,CODEINE PHOSPHATE,0.6294,-2.0938,novel
519,CHEMBL1201576,RITUXIMAB,0.6292,-2.0969,novel
520,CHEMBL1467,ALLOPURINOL,0.6289,-2.1006,novel
521,CHEMBL1200904,SELEGILINE HYDROCHLORIDE,0.6286,-2.1043,novel
522,CHEMBL1201823,ABATACEPT,0.6285,-2.1054,novel
523,CHEMBL1201833,GOLIMUMAB,0.6285,-2.106,novel
524,CHEMBL439,SULFADIAZINE,0.6283,-2.1079,novel
525,CHEMBL4279047,VORASIDENIB,0.6276,-2.1174,novel
526,CHEMBL461101,ELTROMBOPAG,0.6273,-2.121,novel
527,CHEMBL1387,NORETHYNODREL,0.6273,-2.1218,novel
528,CHEMBL5315080,BULEVIRTIDE ACETATE,0.6272,-2.1226,novel
529,CHEMBL5314377,GANIRELIX ACETATE,0.627,-2.1258,novel
530,CHEMBL6067484,GENTAMICIN SULFATE,0.6268,-2.1275,novel
531,CHEMBL1287853,FEDRATINIB,0.6268,-2.1281,novel
532,CHEMBL5314341,GLUCAGON,0.6267,-2.1296,novel
533,CHEMBL1423,PIMOZIDE,0.6262,-2.136,novel
534,CHEMBL846,CALCITRIOL,0.6262,-2.1363,novel
535,CHEMBL6068352,VIBRIO CHOLERAE TOXIN B SUBUNIT,0.6254,-2.1454,novel
536,CHEMBL2219416,NALOXEGOL OXALATE,0.6253,-2.147,novel
537,CHEMBL1200430,ESTRADIOL ACETATE,0.6252,-2.1491,novel
538,CHEMBL121663,DEQUALINIUM CHLORIDE,0.6251,-2.1503,novel
539,CHEMBL1742991,BENRALIZUMAB,0.6248,-2.154,novel
540,CHEMBL727,THIOGUANINE,0.6246,-2.1563,novel
541,CHEMBL1588,THIAMINE,0.6242,-2.1614,novel
542,CHEMBL5314346,VERTEPORFIN,0.6232,-2.1742,novel
543,CHEMBL3989939,LAROTRECTINIB SULFATE,0.623,-2.1774,novel
544,CHEMBL4297975,VARICELLA ZOSTER VIRUS ENVELOPE GLYCOPROTEIN E,0.6228,-2.1798,novel
545,CHEMBL965,CARBAMOYLCHOLINE,0.6226,-2.1827,novel
546,CHEMBL1473,FLUTICASONE PROPIONATE,0.6225,-2.1835,novel
547,CHEMBL187709,TRIPARANOL,0.6223,-2.186,novel
548,CHEMBL1201724,POVIDONE-IODINE,0.6223,-2.1866,novel
549,CHEMBL1201831,CERTOLIZUMAB PEGOL,0.6221,-2.1892,novel
550,CHEMBL523299,UMECLIDINIUM BROMIDE,0.6219,-2.1907,novel
551,CHEMBL1078178,MOMELOTINIB,0.6218,-2.1928,novel
552,CHEMBL551466,ACLIDINIUM BROMIDE,0.6217,-2.1932,novel
553,CHEMBL1201147,OCTOCRYLENE,0.6216,-2.1954,novel
554,CHEMBL1201621,SOMATROPIN,0.6214,-2.1976,novel
555,CHEMBL927,CEFDINIR,0.6212,-2.2001,novel
556,CHEMBL3039520,LASMIDITAN,0.6211,-2.2017,novel
557,CHEMBL2028852,ICATIBANT ACETATE,0.6211,-2.2018,novel
558,CHEMBL515387,GOSOGLIPTIN,0.6209,-2.2038,novel
559,CHEMBL1201018,CEFACLOR,0.6208,-2.206,novel
560,CHEMBL1237023,DENOSUMAB,0.6207,-2.2067,novel
561,CHEMBL54,HALOPERIDOL,0.6206,-2.2076,novel
562,CHEMBL455186,TREOSULFAN,0.6206,-2.2077,novel
563,CHEMBL4298025,ZENOCUTUZUMAB,0.6204,-2.2105,novel
564,CHEMBL19393,LEVAMFETAMINE,0.6202,-2.213,novel
565,CHEMBL2108350,CONESTAT ALFA,0.6202,-2.2134,novel
566,CHEMBL1238,AZELAIC ACID,0.62,-2.2153,novel
567,CHEMBL1084172,VILANTEROL TRIFENATATE,0.62,-2.2159,novel
568,CHEMBL3989960,SELADELPAR LYSINE,0.6197,-2.2193,novel
569,CHEMBL3578202,GOZETOTIDE,0.6195,-2.2223,novel
570,CHEMBL18,ETHOXZOLAMIDE,0.6193,-2.2249,novel
571,CHEMBL25202,TAMIBAROTENE,0.6193,-2.2253,novel
572,CHEMBL4650246,BIRCH TRITERPENES,0.619,-2.229,novel
573,CHEMBL2107884,RESLIZUMAB,0.6189,-2.2302,novel
574,CHEMBL1738797,ALECTINIB,0.6188,-2.2314,novel
575,CHEMBL4208229,ASCIMINIB,0.6187,-2.2325,novel
576,CHEMBL1200679,ZINC CHLORIDE,0.6185,-2.2347,novel
577,CHEMBL4650256,ZANIDATAMAB,0.6179,-2.2425,novel
578,CHEMBL905,RIZATRIPTAN,0.6178,-2.244,novel
579,CHEMBL4297986,COAGULATION FACTOR IX HUMAN,0.6178,-2.2441,novel
580,CHEMBL691,ETHINYL ESTRADIOL,0.6177,-2.2449,novel
581,CHEMBL3707229,TEZEPELUMAB,0.6173,-2.2505,novel
582,CHEMBL3545189,LANADELUMAB,0.6171,-2.2537,novel
583,CHEMBL1625,OXYBENZONE,0.617,-2.2542,novel
584,CHEMBL929,DELAVIRDINE MESYLATE,0.6169,-2.2553,novel
585,CHEMBL1413,CICLOPIROX,0.6168,-2.2565,novel
586,CHEMBL4582651,PRALSETINIB,0.6167,-2.2578,novel
587,CHEMBL2095209,ICOSAPENT ETHYL,0.6166,-2.26,novel
588,CHEMBL38827,LUMEFANTRINE,0.6165,-2.2613,novel
589,CHEMBL2103735,CETRORELIX ACETATE,0.6164,-2.2624,novel
590,CHEMBL2205807,ABAMETAPIR,0.6164,-2.2625,novel
591,CHEMBL1951071,ARFORMOTEROL TARTRATE,0.6163,-2.263,novel
592,CHEMBL3301627,TENAPANOR HYDROCHLORIDE,0.6162,-2.2654,novel
593,CHEMBL487253,BENDAMUSTINE,0.6161,-2.2663,novel
594,CHEMBL1200558,BACITRACIN,0.6161,-2.2664,novel
595,CHEMBL1133,OXYBUTYNIN CHLORIDE,0.616,-2.2674,novel
596,CHEMBL36,PYRIMETHAMINE,0.6158,-2.2704,novel
597,CHEMBL1200437,QUINIDINE GLUCONATE,0.6157,-2.271,novel
598,CHEMBL1358,FULVESTRANT,0.6155,-2.2733,novel
599,CHEMBL104,CLOTRIMAZOLE,0.6153,-2.2767,novel
600,CHEMBL314854,FINGOLIMOD,0.6149,-2.2812,novel
601,CHEMBL3545185,SELINEXOR,0.6147,-2.2841,novel
602,CHEMBL3989697,RIBOFLAVIN 5'-PHOSPHATE SODIUM,0.6145,-2.2863,novel
603,CHEMBL1795071,RUXOLITINIB PHOSPHATE,0.6143,-2.2896,novel
604,CHEMBL3301624,SETMELANOTIDE,0.6142,-2.2907,novel
605,CHEMBL1371,CHLORZOXAZONE,0.614,-2.293,novel
606,CHEMBL1201059,PROGUANIL HYDROCHLORIDE,0.6139,-2.2945,novel
607,CHEMBL2108939,"VIBRIO CHOLERAE, LIVE ATTENUATED",0.6138,-2.2962,novel
608,CHEMBL2108546,PEGASPARGASE,0.6136,-2.2983,novel
609,CHEMBL2219411,MOMELOTINIB DIHYDROCHLORIDE,0.6135,-2.2996,novel
610,CHEMBL3545110,RIBOCICLIB,0.6133,-2.3017,novel
611,CHEMBL529,AZITHROMYCIN,0.6132,-2.3041,novel
612,CHEMBL3707331,ROLAPITANT,0.613,-2.306,novel
613,CHEMBL1750,CLOFARABINE,0.6129,-2.3079,novel
614,CHEMBL513,CARMUSTINE,0.6129,-2.308,novel
615,CHEMBL1201121,HETACILLIN POTASSIUM,0.6127,-2.3094,novel
616,CHEMBL1201759,BEPOTASTINE BESYLATE,0.6127,-2.3103,novel
617,CHEMBL182,GANCICLOVIR,0.6125,-2.313,novel
618,CHEMBL1201772,PRASUGREL,0.6125,-2.3131,novel
619,CHEMBL361506,PENTAMIDINE ISETHIONATE,0.6121,-2.3177,novel
620,CHEMBL4297549,HUMAN C1-ESTERASE INHIBITOR,0.6121,-2.3177,novel
621,CHEMBL1278,NARATRIPTAN,0.612,-2.3188,novel
622,CHEMBL1201562,INTERFERON BETA-1A,0.612,-2.3196,novel
623,CHEMBL1743007,DARATUMUMAB,0.6117,-2.3232,novel
624,CHEMBL4297830,SOMATROGON,0.6111,-2.3306,novel
625,CHEMBL1597,DIMERCAPROL,0.6111,-2.3312,novel
626,CHEMBL58510,CHLOROQUINE PHOSPHATE,0.611,-2.3324,novel
627,CHEMBL6068490,COAGULATION FACTOR VII HUMAN,0.6109,-2.3331,novel
628,CHEMBL2107554,SODIUM DIBUNATE,0.6106,-2.3365,novel
629,CHEMBL556,DEFEROXAMINE,0.6105,-2.3383,novel
630,CHEMBL5315056,NALOXONE HYDROCHLORIDE DIHYDRATE,0.6104,-2.3392,novel
631,CHEMBL1201564,INTERFERON GAMMA-1B,0.6104,-2.3402,novel
632,CHEMBL4297590,DARIDOREXANT,0.61,-2.3453,novel
633,CHEMBL682,AMODIAQUINE,0.6098,-2.348,novel
634,CHEMBL4297212,SOLRIAMFETOL HYDROCHLORIDE,0.6097,-2.3487,novel
635,CHEMBL4298047,TAFASITAMAB,0.6095,-2.351,novel
636,CHEMBL1370561,AMINOPHYLLINE,0.6095,-2.3514,novel
637,CHEMBL328190,LASOFOXIFENE,0.609,-2.3575,novel
638,CHEMBL3889654,LAROTRECTINIB,0.609,-2.3579,novel
639,CHEMBL1201837,ECALLANTIDE,0.609,-2.358,novel
640,CHEMBL760,ANAGRELIDE,0.6087,-2.3615,novel
641,CHEMBL705,ALITRETINOIN,0.6081,-2.3698,novel
642,CHEMBL4594230,LIPEGFILGRASTIM,0.6081,-2.3699,novel
643,CHEMBL370805,COCAINE,0.6078,-2.3732,novel
644,CHEMBL1279,FROVATRIPTAN,0.6071,-2.3817,novel
645,CHEMBL43452,POMALIDOMIDE,0.6069,-2.3843,novel
646,CHEMBL4297950,EFBEMALENOGRASTIM ALFA,0.6068,-2.3859,novel
647,CHEMBL1346,DARIFENACIN,0.6063,-2.3926,novel
648,CHEMBL3301582,POLATUZUMAB VEDOTIN,0.6063,-2.3932,novel
649,CHEMBL1201447,CALFACTANT,0.6061,-2.3951,novel
650,CHEMBL6067975,CROTAMITON,0.6061,-2.3955,novel
651,CHEMBL341812,IBUFENAC,0.606,-2.3959,novel
652,CHEMBL230158,SELADELPAR,0.606,-2.3971,novel
653,CHEMBL2110732,DACOMITINIB ANHYDROUS,0.606,-2.3971,novel
654,CHEMBL311498,CIANIDANOL,0.6057,-2.3998,novel
655,CHEMBL1633,KETOTIFEN FUMARATE,0.6054,-2.4037,novel
656,CHEMBL6068494,"BACILLUS ANTHRACIS PROTECTIVE ANTIGEN, ADSORBED",0.6053,-2.405,novel
657,CHEMBL5095051,VENLAFAXINE BESYLATE,0.6053,-2.405,novel
658,CHEMBL1085,ACETOPHENAZINE,0.6051,-2.4082,novel
659,CHEMBL1237022,TOCILIZUMAB,0.6049,-2.4101,novel
660,CHEMBL579205,FLUTEMETAMOL,0.6049,-2.4105,novel
661,CHEMBL4298209,BELANTAMAB MAFODOTIN,0.6048,-2.4115,novel
662,CHEMBL329522,EXIFONE,0.6048,-2.4117,novel
663,CHEMBL1535,HYDROXYCHLOROQUINE,0.6047,-2.4129,novel
664,CHEMBL3349607,PASIREOTIDE,0.6047,-2.4138,novel
665,CHEMBL211456,EPHEDRINE,0.6046,-2.4147,novel
666,CHEMBL3137326,DEUTETRABENAZINE,0.6045,-2.4152,novel
667,CHEMBL1200850,GANCICLOVIR SODIUM,0.6045,-2.4163,novel
668,CHEMBL2105638,DELAFLOXACIN MEGLUMINE,0.6044,-2.4172,novel
669,CHEMBL3402762,TEPOTINIB,0.6042,-2.4199,novel
670,CHEMBL1607273,CETIRIZINE HYDROCHLORIDE,0.6041,-2.4207,novel
671,CHEMBL1743010,ELOTUZUMAB,0.6039,-2.4237,novel
672,CHEMBL1377,PROGUANIL,0.6039,-2.424,novel
673,CHEMBL1753,CLINDAMYCIN,0.603,-2.4355,novel
674,CHEMBL2105708,PONATINIB HYDROCHLORIDE,0.6026,-2.4406,novel
675,CHEMBL1201622,PORACTANT ALFA,0.6026,-2.4408,novel
676,CHEMBL1200825,METHADONE HYDROCHLORIDE,0.6025,-2.4418,novel
677,CHEMBL1637,GEMCITABINE HYDROCHLORIDE,0.6024,-2.4424,novel
678,CHEMBL1650443,TRELAGLIPTIN,0.6024,-2.443,novel
679,CHEMBL90593,PRASTERONE,0.6022,-2.4454,novel
680,CHEMBL1200914,TAMSULOSIN HYDROCHLORIDE,0.6022,-2.4458,novel
681,CHEMBL5314354,POLYMYXIN B,0.6021,-2.4469,novel
682,CHEMBL1201002,CARTEOLOL HYDROCHLORIDE,0.6015,-2.4546,novel
683,CHEMBL1723241,SULFACETAMIDE SODIUM,0.6015,-2.4548,novel
684,CHEMBL1337,NITISINONE,0.6014,-2.456,novel
685,CHEMBL1094636,NIRAPARIB,0.6013,-2.4574,novel
686,CHEMBL4596392,CRAVACITINIB,0.6012,-2.4586,novel
687,CHEMBL5314373,"CEFPROZIL, (E)-",0.6011,-2.4596,novel
688,CHEMBL1690,HYDROXYCHLOROQUINE SULFATE,0.6006,-2.4667,novel
689,CHEMBL985,UREA,0.6003,-2.4702,novel
690,CHEMBL6067487,IVERMECTIN,0.6,-2.4738,novel
691,CHEMBL3301592,SODIUM ZIRCONIUM CYCLOSILICATE,0.5995,-2.4802,novel
692,CHEMBL1201185,LANREOTIDE,0.5995,-2.4806,novel
693,CHEMBL4558324,LAZERTINIB,0.5995,-2.481,novel
694,CHEMBL4297340,EDOTREOTIDE GALLIUM GA-68,0.5993,-2.4824,novel
695,CHEMBL517712,ATROPINE,0.5991,-2.4855,novel
696,CHEMBL1201777,TAPENTADOL HYDROCHLORIDE,0.599,-2.4871,novel
697,CHEMBL4297734,CRIZANLIZUMAB,0.5984,-2.4947,novel
698,CHEMBL991,STAVUDINE,0.5984,-2.4952,novel
699,CHEMBL6067995,BEROTRALSTAT HYDROCHLORIDE,0.5983,-2.4954,novel
700,CHEMBL317052,REGADENOSON ANHYDROUS,0.5982,-2.4971,novel
701,CHEMBL1201765,FESOTERODINE FUMARATE,0.598,-2.4993,novel
702,CHEMBL506,PRIMAQUINE,0.598,-2.4994,novel
703,CHEMBL3707322,LETIBOTULINUMTOXINA,0.5977,-2.5034,novel
704,CHEMBL21333,PRANLUKAST,0.5974,-2.5071,novel
705,CHEMBL534,KETOTIFEN,0.5972,-2.5098,novel
706,CHEMBL2105395,OSPEMIFENE,0.5972,-2.5106,novel
707,CHEMBL1200491,EPINASTINE HYDROCHLORIDE,0.597,-2.5124,novel
708,CHEMBL3989944,DIROXIMEL FUMARATE,0.5969,-2.5137,novel
709,CHEMBL2108738,NIVOLUMAB,0.5969,-2.5138,novel
710,CHEMBL4650429,TOZINAMERAN,0.5969,-2.5143,novel
711,CHEMBL681,ETOMIDATE,0.5968,-2.515,novel
712,CHEMBL1201670,SARGRAMOSTIM,0.5968,-2.5157,novel
713,CHEMBL1530428,DEXAMETHASONE ACETATE,0.5967,-2.5172,novel
714,CHEMBL4650491,ELASOMERAN,0.5965,-2.5192,novel
715,CHEMBL46740,BAZEDOXIFENE,0.5965,-2.5193,novel
716,CHEMBL3184512,CLINDAMYCIN PHOSPHATE,0.5962,-2.5226,novel
717,CHEMBL319144,MINODRONIC ACID,0.596,-2.5262,novel
718,CHEMBL4299851,PIFLUFOLASTAT,0.5958,-2.5279,novel
719,CHEMBL4297809,ELRANATAMAB,0.5958,-2.5286,novel
720,CHEMBL1201065,THIAMYLAL SODIUM,0.5954,-2.5338,novel
721,CHEMBL1095930,CEFUROXIME AXETIL,0.5953,-2.5343,novel
722,CHEMBL1201037,EFLORNITHINE HYDROCHLORIDE,0.5952,-2.5355,novel
723,CHEMBL218291,FORODESINE,0.5951,-2.5368,novel
724,CHEMBL1200845,HALCINONIDE,0.5951,-2.5372,novel
725,CHEMBL1200953,HYDROCORTISONE PROBUTATE,0.5951,-2.5372,novel
726,CHEMBL1201082,FLUOXETINE HYDROCHLORIDE,0.595,-2.5391,novel
727,CHEMBL728,PROCHLORPERAZINE,0.5949,-2.5393,novel
728,CHEMBL1200699,DOXYCYCLINE,0.5948,-2.5414,novel
729,CHEMBL2105581,VERALIPRIDE,0.5947,-2.542,novel
730,CHEMBL3707290,SOMAPACITAN,0.5946,-2.5441,novel
731,CHEMBL298470,TAFENOQUINE,0.5943,-2.5473,novel
732,CHEMBL4298185,LONAPEGSOMATROPIN,0.594,-2.5516,novel
733,CHEMBL384467,DEXAMETHASONE,0.5934,-2.5593,novel
734,CHEMBL87493,FENFLURAMINE,0.5932,-2.5623,novel
735,CHEMBL5315106,ANTI-MELANOMA MAB FRAGMENTS,0.5927,-2.5689,novel
736,CHEMBL1743070,SILTUXIMAB,0.5926,-2.5689,novel
737,CHEMBL2105719,DACOMITINIB,0.5926,-2.5696,novel
738,CHEMBL4594505,TECLISTAMAB,0.5925,-2.5714,novel
739,CHEMBL237500,LINAGLIPTIN,0.5924,-2.5719,novel
740,CHEMBL170,QUININE,0.5923,-2.5737,novel
741,CHEMBL1201754,RUFINAMIDE,0.592,-2.5775,novel
742,CHEMBL141305,CYCLOFENIL,0.592,-2.5777,novel
743,CHEMBL4297516,LURBINECTEDIN,0.5919,-2.578,novel
744,CHEMBL803,CYTARABINE,0.5919,-2.579,novel
745,CHEMBL568,OXAZEPAM,0.5918,-2.5796,novel
746,CHEMBL806,FLUTAMIDE,0.5917,-2.5808,novel
747,CHEMBL494753,ESTRONE SULFURIC ACID,0.5914,-2.585,novel
748,CHEMBL1023,BEXAROTENE,0.5914,-2.5853,novel
749,CHEMBL5095049,PACRITINIB CITRATE,0.5914,-2.5856,novel
750,CHEMBL1200804,DICLOFENAC POTASSIUM,0.5913,-2.5867,novel
751,CHEMBL1622,FOLIC ACID,0.5913,-2.5869,novel
752,CHEMBL1568057,METAPROTERENOL SULFATE,0.5911,-2.5886,novel
753,CHEMBL1112,ARIPIPRAZOLE,0.591,-2.5898,novel
754,CHEMBL222813,ZANAMIVIR,0.5908,-2.5924,novel
755,CHEMBL1201764,FESOTERODINE,0.5908,-2.593,novel
756,CHEMBL1200762,BETAMETHASONE SODIUM PHOSPHATE,0.5906,-2.5952,novel
757,CHEMBL407,FLUMAZENIL,0.5901,-2.6013,novel
758,CHEMBL1200569,CAFFEINE CITRATE,0.59,-2.6028,novel
759,CHEMBL3707223,SOFPIRONIUM BROMIDE,0.5899,-2.6043,novel
760,CHEMBL1237021,LURASIDONE,0.5898,-2.6052,novel
761,CHEMBL4802135,NIRMATRELVIR,0.5897,-2.6064,novel
762,CHEMBL1551,URSODIOL,0.5897,-2.6067,novel
763,CHEMBL6067650,PAROXETINE HYDROCHLORIDE,0.5895,-2.61,novel
764,CHEMBL2105760,BREXPIPRAZOLE,0.5894,-2.6107,novel
765,CHEMBL73234,CARBETAPENTANE,0.5893,-2.6117,novel
766,CHEMBL908,CHLORPROTHIXENE,0.5893,-2.6119,novel
767,CHEMBL4297088,CHLORHEXIDINE GLUCONATE,0.5891,-2.6151,novel
768,CHEMBL262135,GALLIUM OXODOTREOTIDE,0.5886,-2.6209,novel
769,CHEMBL671,THIOTEPA,0.5886,-2.6212,novel
770,CHEMBL1201563,INTERFERON BETA-1B,0.5886,-2.6214,novel
771,CHEMBL295698,LEVOKETOCONAZOLE,0.5885,-2.6218,novel
772,CHEMBL454,BUTALBITAL,0.5885,-2.622,novel
773,CHEMBL1200601,NARATRIPTAN HYDROCHLORIDE,0.5885,-2.622,novel
774,CHEMBL1201003,ELETRIPTAN HYDROBROMIDE,0.5885,-2.622,novel
775,CHEMBL1201150,SUMATRIPTAN SUCCINATE,0.5885,-2.622,novel
776,CHEMBL3833320,EPTINEZUMAB,0.5885,-2.622,novel
777,CHEMBL4650220,ZAVEGEPANT HYDROCHLORIDE,0.5885,-2.622,novel
778,CHEMBL1189432,OLOPATADINE,0.5885,-2.622,novel
779,CHEMBL3301581,ABALOPARATIDE,0.5885,-2.6227,novel
780,CHEMBL1732,DIHYDROERGOTAMINE,0.5884,-2.6243,novel
781,CHEMBL419,MAFENIDE,0.5883,-2.6248,novel
782,CHEMBL3353410,OSIMERTINIB,0.5882,-2.6263,novel
783,CHEMBL1200328,DULOXETINE HYDROCHLORIDE,0.5881,-2.6271,novel
784,CHEMBL1200545,DIFLORASONE DIACETATE,0.5881,-2.6276,novel
785,CHEMBL3544973,CEFTAROLINE FOSAMIL ACETATE,0.588,-2.6284,novel
786,CHEMBL2108638,RAXIBACUMAB,0.5879,-2.6298,novel
787,CHEMBL626,NAFTIFINE,0.5879,-2.6303,novel
788,CHEMBL3989767,CALCITONIN SALMON,0.5878,-2.6318,novel
789,CHEMBL4297229,PRABOTULINUMTOXIN A,0.5878,-2.6318,novel
790,CHEMBL442,ERGOTAMINE,0.5876,-2.6345,novel
791,CHEMBL2218877,ERYTHROMYCIN ESTOLATE,0.5875,-2.6352,novel
792,CHEMBL339427,TUBOCURARINE,0.5871,-2.6402,novel
793,CHEMBL1716,CYPROHEPTADINE HYDROCHLORIDE,0.5871,-2.6404,novel
794,CHEMBL221326,DIQUAFOSOL,0.5869,-2.6425,novel
795,CHEMBL2105762,OMARIGLIPTIN,0.5867,-2.6457,novel
796,CHEMBL19,METHAZOLAMIDE,0.5865,-2.6483,novel
797,CHEMBL1201533,THYROTROPIN ALFA,0.5859,-2.6566,novel
798,CHEMBL417,EPIRUBICIN,0.5857,-2.6586,novel
799,CHEMBL1200940,METOCLOPRAMIDE HYDROCHLORIDE,0.5857,-2.6588,novel
800,CHEMBL6068491,PROTEIN S HUMAN,0.5855,-2.6612,novel
801,CHEMBL1652,AMBENONIUM,0.5851,-2.6659,novel
802,CHEMBL1502,PANTOPRAZOLE,0.585,-2.6682,novel
803,CHEMBL1360,ATRACURIUM,0.5849,-2.6693,novel
804,CHEMBL1200993,GALLAMINE TRIETHIODIDE,0.5848,-2.6703,novel
805,CHEMBL4297774,AMIVANTAMAB,0.5846,-2.673,novel
806,CHEMBL1220,TINIDAZOLE,0.5846,-2.6735,novel
807,CHEMBL726,FLUPHENAZINE,0.5844,-2.676,novel
808,CHEMBL2108677,PEGINTERFERON BETA-1A,0.5843,-2.6762,novel
809,CHEMBL1200495,HYDROCORTISONE SODIUM SUCCINATE,0.5841,-2.6799,novel
810,CHEMBL1096,AMLEXANOX,0.584,-2.6811,novel
811,CHEMBL1200391,TROMETHAMINE,0.5839,-2.6812,novel
812,CHEMBL518924,MAVORIXAFOR,0.5838,-2.6826,novel
813,CHEMBL2107840,PATIROMER CALCIUM,0.5838,-2.6827,novel
814,CHEMBL2218896,NABILONE,0.5837,-2.6844,novel
815,CHEMBL1096882,FLUDARABINE PHOSPHATE,0.5836,-2.6859,novel
816,CHEMBL1497,BETAMETHASONE VALERATE,0.5835,-2.6872,novel
817,CHEMBL4297801,PEGUNIGALSIDASE ALFA,0.5831,-2.6922,novel
818,CHEMBL1615438,LEVOCABASTINE,0.5831,-2.6928,novel
819,CHEMBL911,ZOLPIDEM,0.5829,-2.6947,novel
820,CHEMBL1482,BETHANECHOL,0.5829,-2.6948,novel
821,CHEMBL4650269,LOVOTIBEGLOGENE AUTOTEMCEL,0.5827,-2.6969,novel
822,CHEMBL1742992,BLINATUMOMAB,0.5825,-2.6999,novel
823,CHEMBL501849,SIMEPREVIR,0.5823,-2.7026,novel
824,CHEMBL3707275,VORETIGENE NEPARVOVEC,0.5822,-2.7032,novel
825,CHEMBL1094,FELBAMATE,0.5821,-2.7051,novel
826,CHEMBL6068353,"VIBRIO CHOLERAE, INACTIVATED",0.5818,-2.7086,novel
827,CHEMBL6067494,SECRETIN,0.5816,-2.7115,novel
828,CHEMBL4650524,SOTROVIMAB,0.5815,-2.7132,novel
829,CHEMBL2109093,EPOETIN DELTA,0.5813,-2.7158,novel
830,CHEMBL131,PREDNISOLONE,0.5812,-2.7169,novel
831,CHEMBL1229,OSELTAMIVIR,0.5807,-2.7235,novel
832,CHEMBL406393,DEOXYCHOLIC ACID,0.5805,-2.7263,novel
833,CHEMBL225071,RALTITREXED,0.5802,-2.7295,novel
834,CHEMBL2028019,CARIPRAZINE,0.5802,-2.7297,novel
835,CHEMBL1201484,SODIUM POLYSTYRENE SULFONATE,0.5802,-2.7299,novel
836,CHEMBL416956,MEFLOQUINE,0.5802,-2.73,novel
837,CHEMBL2368924,DOLASETRON MESYLATE,0.5801,-2.7311,novel
838,CHEMBL2096650,SODIUM THIOSULFATE,0.58,-2.7316,novel
839,CHEMBL4298010,VELMANASE ALFA,0.5799,-2.733,novel
840,CHEMBL1096146,PONESIMOD,0.5793,-2.7414,novel
841,CHEMBL178803,BLONANSERIN,0.5792,-2.7419,novel
842,CHEMBL1201716,MECASERMIN,0.5792,-2.7419,novel
843,CHEMBL1200409,LIDOCAINE HYDROCHLORIDE,0.5792,-2.7425,novel
844,CHEMBL1523964,EPHEDRINE SULFATE,0.5792,-2.7432,novel
845,CHEMBL1680,OCTREOTIDE,0.5791,-2.7434,novel
846,CHEMBL2108709,COLLAGENASE CLOSTRIDIUM HISTOLYTICUM,0.5789,-2.7464,novel
847,CHEMBL5315081,PATIROMER SORBITEX CALCIUM,0.5789,-2.7467,novel
848,CHEMBL2105717,CABOZANTINIB,0.5788,-2.7472,novel
849,CHEMBL1504,TRIAMCINOLONE ACETONIDE,0.5787,-2.7486,novel
850,CHEMBL4594214,ZICONOTIDE,0.5787,-2.7494,novel
851,CHEMBL376359,ALOGLIPTIN,0.5786,-2.7502,novel
852,CHEMBL460,MOLINDONE,0.5786,-2.7509,novel
853,CHEMBL2107799,FLURPIRIDAZ F 18,0.5785,-2.751,novel
854,CHEMBL159,VINBLASTINE,0.5783,-2.7543,novel
855,CHEMBL1630575,CASPOFUNGIN,0.5782,-2.755,novel
856,CHEMBL1241951,LETERMOVIR,0.5781,-2.7571,novel
857,CHEMBL1173055,RUCAPARIB,0.5778,-2.7603,novel
858,CHEMBL454950,TETRACYCLINE HYDROCHLORIDE,0.5778,-2.7607,novel
859,CHEMBL915,NEDOCROMIL SODIUM,0.5777,-2.7625,novel
860,CHEMBL709,ALFUZOSIN,0.5776,-2.7626,novel
861,CHEMBL1534,RIBOFLAVIN,0.5776,-2.7626,novel
862,CHEMBL288441,BOSUTINIB,0.5776,-2.763,novel
863,CHEMBL3218576,COPANLISIB,0.5776,-2.7631,novel
864,CHEMBL468,THALIDOMIDE,0.5774,-2.7653,novel
865,CHEMBL4297778,LONCASTUXIMAB TESIRINE,0.5774,-2.7656,novel
866,CHEMBL5189739,BEROTRALSTAT,0.5773,-2.7666,novel
867,CHEMBL1756,ESTRAMUSTINE PHOSPHATE,0.5772,-2.768,novel
868,CHEMBL4297065,SPINOSAD,0.577,-2.7707,novel
869,CHEMBL2104987,TEDUGLUTIDE,0.5769,-2.772,novel
870,CHEMBL1201556,BECAPLERMIN,0.5767,-2.7748,novel
871,CHEMBL55643,COPPER,0.5764,-2.7784,novel
872,CHEMBL1171837,PONATINIB,0.5764,-2.779,novel
873,CHEMBL3545131,ISATUXIMAB,0.5763,-2.7795,novel
874,CHEMBL539423,SPARSENTAN,0.576,-2.7838,novel
875,CHEMBL4297551,EFGARTIGIMOD ALFA,0.5758,-2.787,novel
876,CHEMBL360328,LORCASERIN,0.5757,-2.7871,novel
877,CHEMBL1200544,CEPHALEXIN,0.5757,-2.7874,novel
878,CHEMBL1200521,ALMOTRIPTAN MALATE,0.5757,-2.7879,novel
879,CHEMBL1200932,IOPAMIDOL,0.5756,-2.7896,novel
880,CHEMBL1059,PREGABALIN,0.5755,-2.7901,novel
881,CHEMBL1201109,DESONIDE,0.5754,-2.7914,novel
882,CHEMBL3039526,LASMIDITAN SUCCINATE,0.5754,-2.7915,novel
883,CHEMBL566534,ARTEMETHER,0.5751,-2.7951,novel
884,CHEMBL361497,ARTESUNATE,0.575,-2.7966,novel
885,CHEMBL1266,TETRAHYDROZOLINE,0.5739,-2.8109,novel
886,CHEMBL1479,DANAZOL,0.5731,-2.8216,novel
887,CHEMBL525610,TERIPARATIDE,0.5729,-2.8237,novel
888,CHEMBL3414621,TAZEMETOSTAT,0.5728,-2.8258,novel
889,CHEMBL1201688,FOMIVIRSEN,0.5727,-2.8269,novel
890,CHEMBL511,PYRILAMINE,0.5726,-2.8275,novel
891,CHEMBL296419,ASTEMIZOLE,0.5726,-2.8282,novel
892,CHEMBL3301587,DURVALUMAB,0.5725,-2.8289,novel
893,CHEMBL2336071,SIPONIMOD,0.5724,-2.83,novel
894,CHEMBL1121,SINCALIDE,0.5723,-2.8312,novel
895,CHEMBL1305,ANTAZOLINE,0.5721,-2.834,novel
896,CHEMBL63857,PHENOLPHTHALEIN,0.572,-2.8362,novel
897,CHEMBL89598,VIGABATRIN,0.5717,-2.839,novel
898,CHEMBL4297729,COSIBELIMAB,0.5717,-2.8393,novel
899,CHEMBL2103744,MORPHINE SULFATE,0.5716,-2.8407,novel
900,CHEMBL44657,ETOPOSIDE,0.5715,-2.8417,novel
901,CHEMBL1200399,BUSPIRONE HYDROCHLORIDE,0.5713,-2.8447,novel
902,CHEMBL2109427,ZOLBETUXIMAB,0.5712,-2.8454,novel
903,CHEMBL521686,OLAPARIB,0.5708,-2.8515,novel
904,CHEMBL14376,ILOPERIDONE,0.5705,-2.8553,novel
905,CHEMBL1201825,RANIBIZUMAB,0.5704,-2.8565,novel
906,CHEMBL3989933,ETRASIMOD ARGININE,0.5704,-2.8568,novel
907,CHEMBL611,TERAZOSIN,0.5702,-2.8588,novel
908,CHEMBL3989855,PSEUDOEPHEDRINE SULFATE,0.57,-2.8616,novel
909,CHEMBL2108611,INOTUZUMAB OZOGAMICIN,0.5699,-2.8628,novel
910,CHEMBL1201657,HEPARIN SODIUM,0.5698,-2.8645,novel
911,CHEMBL19449,IBUDILAST,0.5696,-2.8665,novel
912,CHEMBL1200760,BALSALAZIDE DISODIUM,0.5696,-2.8666,novel
913,CHEMBL490665,NALFURAFINE HYDROCHLORIDE,0.5696,-2.8668,novel
914,CHEMBL2146102,EPHEDRINE HYDROCHLORIDE,0.5695,-2.8675,novel
915,CHEMBL1795072,ZICONOTIDE ACETATE,0.5695,-2.868,novel
916,CHEMBL1201032,RIZATRIPTAN BENZOATE,0.5693,-2.8698,novel
917,CHEMBL1201481,PORFIMER SODIUM,0.5693,-2.8702,novel
918,CHEMBL4297973,HEPATITIS B VIRUS HBSAG SURFACE PROTEIN ANTIGEN,0.5692,-2.8714,novel
919,CHEMBL698,TETRACAINE,0.5692,-2.8719,novel
920,CHEMBL2105737,SONIDEGIB,0.5691,-2.8725,novel
921,CHEMBL1201084,SODIUM IODIDE I 131,0.5691,-2.873,novel
922,CHEMBL1378,THIETHYLPERAZINE,0.569,-2.8739,novel
923,CHEMBL1200471,PYRITHIONE ZINC,0.5689,-2.8757,novel
924,CHEMBL537,HYDROQUINONE,0.5688,-2.8766,novel
925,CHEMBL2138684,FROVATRIPTAN SUCCINATE,0.5686,-2.8792,novel
926,CHEMBL95,TACRINE,0.5685,-2.8808,novel
927,CHEMBL385517,SAXAGLIPTIN ANHYDROUS,0.5683,-2.883,novel
928,CHEMBL2107355,MIGALASTAT HYDROCHLORIDE,0.5682,-2.8846,novel
929,CHEMBL544665,FINGOLIMOD HYDROCHLORIDE,0.5681,-2.8856,novel
930,CHEMBL1584,PIPERACETAZINE,0.568,-2.8869,novel
931,CHEMBL1615779,IOBENGUANE I 131,0.5679,-2.8885,novel
932,CHEMBL1929396,ANAGLIPTIN,0.5679,-2.8887,novel
933,CHEMBL1200517,DIHYDROERGOTAMINE MESYLATE,0.5674,-2.8943,novel
934,CHEMBL452,CLONAZEPAM,0.5674,-2.8955,novel
935,CHEMBL2146123,METHACYCLINE HYDROCHLORIDE,0.5671,-2.8988,novel
936,CHEMBL376140,TIGECYCLINE,0.5671,-2.8991,novel
937,CHEMBL1200438,TIOCONAZOLE,0.5671,-2.8992,novel
938,CHEMBL3707359,DAXIBOTULINUMTOXINA,0.567,-2.8997,novel
939,CHEMBL1200381,ARGININE HYDROCHLORIDE,0.5669,-2.9017,novel
940,CHEMBL2108512,HEPATITIS B IMMUNE GLOBULIN,0.5667,-2.9044,novel
941,CHEMBL550348,DEFERASIROX,0.5666,-2.9049,novel
942,CHEMBL1115,PYRIDOSTIGMINE,0.5665,-2.9072,novel
943,CHEMBL4650393,EPCORITAMAB,0.5664,-2.9075,novel
944,CHEMBL1161,MOMETASONE FUROATE,0.5662,-2.91,novel
945,CHEMBL1134,DECAMETHONIUM BROMIDE,0.566,-2.9129,novel
946,CHEMBL1200751,MERCAPTOPURINE,0.5657,-2.917,novel
947,CHEMBL1136,TELITHROMYCIN,0.5654,-2.9209,novel
948,CHEMBL2108728,CALASPARGASE PEGOL,0.5653,-2.9216,novel
949,CHEMBL3306803,LUMATEPERONE,0.5653,-2.9225,novel
950,CHEMBL1767408,DIQUAFOSOL TETRASODIUM,0.5652,-2.9229,novel
951,CHEMBL3544926,OBILTOXAXIMAB,0.5652,-2.9235,novel
952,CHEMBL271227,ABIRATERONE ACETATE,0.5651,-2.9248,novel
953,CHEMBL2364608,DORAVIRINE,0.565,-2.9259,novel
954,CHEMBL42,CLOZAPINE,0.5648,-2.928,novel
955,CHEMBL1200386,PREDNICARBATE,0.5646,-2.9308,novel
956,CHEMBL934,METYRAPONE,0.5646,-2.9317,novel
957,CHEMBL477772,PAZOPANIB,0.5644,-2.9336,novel
958,CHEMBL2108290,EPOETIN THETA,0.5644,-2.9337,novel
959,CHEMBL451887,CARFILZOMIB,0.5644,-2.9343,novel
960,CHEMBL1200629,VECURONIUM BROMIDE,0.5643,-2.9354,novel
961,CHEMBL752,ADENOSINE PHOSPHATE,0.5639,-2.9401,novel
962,CHEMBL1123,DICYCLOMINE,0.5638,-2.9419,novel
963,CHEMBL1729,CISAPRIDE,0.5638,-2.942,novel
964,CHEMBL1201006,PYRILAMINE MALEATE,0.5637,-2.9424,novel
965,CHEMBL6466,COUMARIN,0.5637,-2.943,novel
966,CHEMBL70927,DEFERIPRONE,0.5635,-2.9451,novel
967,CHEMBL1201013,OLSALAZINE SODIUM,0.5632,-2.9494,novel
968,CHEMBL2107857,METRELEPTIN,0.5632,-2.9497,novel
969,CHEMBL1908359,SODIUM MONOFLUOROPHOSPHATE,0.5631,-2.95,novel
970,CHEMBL4071161,TIRABRUTINIB,0.563,-2.9519,novel
971,CHEMBL3707266,RIBOCICLIB SUCCINATE,0.5628,-2.9548,novel
972,CHEMBL1789941,RUXOLITINIB,0.5627,-2.9552,novel
973,CHEMBL1621,PALIPERIDONE,0.5625,-2.9576,novel
974,CHEMBL2403108,CERITINIB,0.5625,-2.9578,novel
975,CHEMBL1200686,PIMECROLIMUS,0.5622,-2.9621,novel
976,CHEMBL4303669,ZOLEDRONIC ACID,0.5622,-2.9625,novel
977,CHEMBL2103875,TRAMETINIB,0.562,-2.9646,novel
978,CHEMBL41,FLUOXETINE,0.5619,-2.9654,novel
979,CHEMBL1380,ABACAVIR,0.5619,-2.9659,novel
980,CHEMBL525076,ENFUVIRTIDE,0.5618,-2.9668,novel
981,CHEMBL1201217,DYCLONINE,0.5614,-2.9726,novel
982,CHEMBL3188267,CAPMATINIB,0.5613,-2.9731,novel
983,CHEMBL267495,NALFURAFINE,0.5611,-2.9767,novel
984,CHEMBL4802249,LENACAPAVIR SODIUM,0.5609,-2.9783,novel
985,CHEMBL998,LORATADINE,0.5609,-2.9791,novel
986,CHEMBL2108888,AGALSIDASE BETA,0.5607,-2.9818,novel
987,CHEMBL473417,VISMODEGIB,0.5607,-2.9819,novel
988,CHEMBL269732,TACROLIMUS ANHYDROUS,0.5605,-2.9836,novel
989,CHEMBL3187723,BINIMETINIB,0.5604,-2.9849,novel
990,CHEMBL1255800,FIDAXOMICIN,0.5603,-2.9871,novel
991,CHEMBL2364629,RIMEGEPANT SULFATE,0.5602,-2.9878,novel
992,CHEMBL1657,TAZAROTENE,0.5602,-2.9879,novel
993,CHEMBL1201207,BETAMETHASONE PHOSPHORIC ACID,0.5602,-2.9883,novel
994,CHEMBL3707328,GALCANEZUMAB,0.5601,-2.9891,novel
995,CHEMBL1200863,MELPHALAN HYDROCHLORIDE,0.5601,-2.9894,novel
996,CHEMBL669,CYCLOBENZAPRINE,0.56,-2.9904,novel
997,CHEMBL1201828,ECULIZUMAB,0.5599,-2.9919,novel
998,CHEMBL1520,VARDENAFIL,0.5598,-2.9935,novel
999,CHEMBL4594406,LUTETIUM LU-177 VIPIVOTIDE TETRAXETAN,0.5596,-2.9957,novel
1000,CHEMBL278623,MACIMORELIN,0.559,-3.0034,novel
1001,CHEMBL1200796,CYCLOPHOSPHAMIDE,0.5589,-3.0048,novel
1002,CHEMBL603,ZAFIRLUKAST,0.5585,-3.0101,novel
1003,CHEMBL2035187,PACRITINIB,0.5583,-3.0123,novel
1004,CHEMBL836,TAMSULOSIN,0.5582,-3.014,novel
1005,CHEMBL3358920,ETRASIMOD,0.5582,-3.0143,novel
1006,CHEMBL1201624,BERACTANT,0.5581,-3.0146,novel
1007,CHEMBL1079742,ERLOTINIB HYDROCHLORIDE,0.5581,-3.0149,novel
1008,CHEMBL2096656,TECHNETIUM TC 99M PENTETATE,0.558,-3.0167,novel
1009,CHEMBL2103737,HYDROXOCOBALAMIN,0.5579,-3.018,novel
1010,CHEMBL5315122,BORTEZOMIB D-MANNITOL,0.5578,-3.0191,novel
1011,CHEMBL1200680,SELENIUM SULFIDE,0.5578,-3.0192,novel
1012,CHEMBL4650462,REGDANVIMAB,0.5576,-3.021,novel
1013,CHEMBL128,SUMATRIPTAN,0.5575,-3.0226,novel
1014,CHEMBL421,SULFASALAZINE,0.5575,-3.0228,novel
1015,CHEMBL2110563,CYANOCOBALAMIN,0.5575,-3.0232,novel
1016,CHEMBL422,TRIFLUOPERAZINE,0.5574,-3.0239,novel
1017,CHEMBL22242,REMOXIPRIDE,0.5569,-3.0308,novel
1018,CHEMBL596,FENTANYL,0.5568,-3.0316,novel
1019,CHEMBL1201139,MEGESTROL ACETATE,0.5567,-3.0327,novel
1020,CHEMBL1375743,ZIPRASIDONE HYDROCHLORIDE,0.5566,-3.0343,novel
1021,CHEMBL243712,AMISULPRIDE,0.5566,-3.0347,novel
1022,CHEMBL781,MAZINDOL,0.5565,-3.0351,novel
1023,CHEMBL3707248,VALBENAZINE TOSYLATE,0.5562,-3.0392,novel
1024,CHEMBL1193,PHENIRAMINE,0.5558,-3.0443,novel
1025,CHEMBL1983268,ENTRECTINIB,0.5557,-3.0462,novel
1026,CHEMBL976,PRAZIQUANTEL,0.5556,-3.0478,novel
1027,CHEMBL941,IMATINIB,0.5555,-3.049,novel
1028,CHEMBL930,GLUTAMINE,0.5554,-3.0495,novel
1029,CHEMBL2107387,VORTIOXETINE HYDROBROMIDE,0.5553,-3.0511,novel
1030,CHEMBL3989861,DESVENLAFAXINE FUMARATE,0.5553,-3.0511,novel
1031,CHEMBL1615374,VILAZODONE HYDROCHLORIDE,0.5553,-3.0515,novel
1032,CHEMBL576982,QUIZARTINIB,0.5552,-3.053,novel
1033,CHEMBL479,THIORIDAZINE,0.555,-3.055,novel
1034,CHEMBL1149,LEVOCARNITINE,0.5547,-3.059,novel
1035,CHEMBL223448,BROXYQUINOLINE,0.5542,-3.0649,novel
1036,CHEMBL2105743,OLODATEROL HYDROCHLORIDE,0.5541,-3.0664,novel
1037,CHEMBL1764,LEVOMEPROMAZINE,0.5539,-3.0688,novel
1038,CHEMBL1201356,METHYLERGONOVINE,0.5539,-3.069,novel
1039,CHEMBL1788132,LOFEXIDINE HYDROCHLORIDE,0.5539,-3.0693,novel
1040,CHEMBL1116,RALOXIFENE HYDROCHLORIDE,0.5539,-3.0694,novel
1041,CHEMBL1441059,ALBUTEROL SULFATE,0.5538,-3.0701,novel
1042,CHEMBL308954,ETRAVIRINE,0.5537,-3.0721,novel
1043,CHEMBL1201,THIOTHIXENE,0.5537,-3.0723,novel
1044,CHEMBL2108989,ASPARAGINASE,0.5536,-3.0728,novel
1045,CHEMBL1201752,IXABEPILONE,0.5536,-3.0728,novel
1046,CHEMBL6068395,REVUMENIB CITRATE,0.5535,-3.074,novel
1047,CHEMBL1631694,FEXINIDAZOLE,0.5534,-3.0763,novel
1048,CHEMBL178,DAUNORUBICIN,0.5533,-3.0766,novel
1049,CHEMBL1201438,ALDESLEUKIN,0.553,-3.0807,novel
1050,CHEMBL3237547,CEDAZURIDINE,0.553,-3.0808,novel
1051,CHEMBL1241,TRIPELENNAMINE,0.553,-3.0812,novel
1052,CHEMBL269644,ACETANILIDE,0.5529,-3.0826,novel
1053,CHEMBL361812,RAMATROBAN,0.5526,-3.0861,novel
1054,CHEMBL1643895,RAMOSETRON,0.5525,-3.0875,novel
1055,CHEMBL1200436,OXANDROLONE,0.5521,-3.092,novel
1056,CHEMBL185,FLUOROURACIL,0.552,-3.0939,novel
1057,CHEMBL12713,SERTINDOLE,0.552,-3.094,novel
1058,CHEMBL3545262,SACITUZUMAB GOVITECAN,0.5516,-3.0985,novel
1059,CHEMBL1213165,DOLUTEGRAVIR SODIUM,0.5515,-3.0996,novel
1060,CHEMBL1289601,LENVATINIB,0.5513,-3.1023,novel
1061,CHEMBL2364612,LATANOPROSTENE BUNOD,0.5513,-3.1032,novel
1062,CHEMBL1200582,AMINOLEVULINIC ACID HYDROCHLORIDE,0.5513,-3.1033,novel
1063,CHEMBL1024,IFOSFAMIDE,0.5512,-3.1042,novel
1064,CHEMBL6068367,STREPTOCOCCUS PNEUMONIAE POLYSACCHARIDE CONJUGATED TO HAEMOPHILUS INFLUENZAE PROTEIN D,0.5511,-3.1058,novel
1065,CHEMBL564,PROMAZINE,0.551,-3.1069,novel
1066,CHEMBL3707314,METHOXY POLYETHYLENE GLYCOL-EPOETIN BETA,0.5508,-3.1097,novel
1067,CHEMBL518520,RALTEGRAVIR POTASSIUM,0.5507,-3.1102,novel
1068,CHEMBL1201134,LUBIPROSTONE,0.5506,-3.1119,novel
1069,CHEMBL1752,DYPHYLLINE,0.5506,-3.1121,novel
1070,CHEMBL1201610,CORTICOTROPIN,0.5506,-3.1121,novel
1071,CHEMBL1201867,FERUMOXYTOL,0.5506,-3.1121,novel
1072,CHEMBL1315867,TERBUTALINE SULFATE,0.5505,-3.1127,novel
1073,CHEMBL1201016,CEFPODOXIME PROXETIL,0.5505,-3.1129,novel
1074,CHEMBL1201529,TECHNETIUM TC 99M SULFUR COLLOID,0.5504,-3.1147,novel
1075,CHEMBL22,TRIMETHOPRIM,0.5501,-3.1177,novel
1076,CHEMBL511142,BUPRENORPHINE,0.5501,-3.1186,novel
1077,CHEMBL1200870,TIMOLOL MALEATE,0.5499,-3.1206,novel
1078,CHEMBL2325741,CAPIVASERTIB,0.5498,-3.1219,novel
1079,CHEMBL787,MONTELUKAST,0.5498,-3.1224,novel
1080,CHEMBL914,FEXOFENADINE,0.5497,-3.124,novel
1081,CHEMBL1000,CETIRIZINE,0.5497,-3.124,novel
1082,CHEMBL2111101,PIMAVANSERIN,0.5496,-3.1247,novel
1083,CHEMBL109,VALPROIC ACID,0.5495,-3.1255,novel
1084,CHEMBL1096885,VALRUBICIN,0.5493,-3.1289,novel
1085,CHEMBL6068348,BORDETELLA PERTUSSIS FILAMENTOUS HEMAGGLUTININ,0.5493,-3.1292,novel
1086,CHEMBL4297756,FREMANEZUMAB,0.5487,-3.1359,novel
1087,CHEMBL2103739,EMEDASTINE DIFUMARATE,0.5487,-3.1367,novel
1088,CHEMBL61006,PHENYLPROPANOLAMINE,0.5486,-3.1374,novel
1089,CHEMBL1201782,FOSAPREPITANT DIMEGLUMINE,0.5485,-3.139,novel
1090,CHEMBL158,AZTREONAM,0.5482,-3.1427,novel
1091,CHEMBL1201334,TRIPTORELIN,0.5479,-3.1461,novel
1092,CHEMBL1201131,PIPERONYL BUTOXIDE,0.5475,-3.1515,novel
1093,CHEMBL220492,TOPIRAMATE,0.5472,-3.1559,novel
1094,CHEMBL305660,EBASTINE,0.5471,-3.1571,novel
1095,CHEMBL701,BACLOFEN,0.5471,-3.1575,novel
1096,CHEMBL4297334,PIFLUFOLASTAT F18,0.547,-3.1582,novel
1097,CHEMBL414804,OXALIPLATIN,0.5469,-3.1593,novel
1098,CHEMBL1201514,PEGADEMASE BOVINE,0.5469,-3.16,novel
1099,CHEMBL1200636,CYCLOBENZAPRINE HYDROCHLORIDE,0.5468,-3.161,novel
1100,CHEMBL1455,ALTRETAMINE,0.5468,-3.1611,novel
1101,CHEMBL1204187,GEPIRONE HYDROCHLORIDE,0.5468,-3.1612,novel
1102,CHEMBL2109171,DIBOTERMIN ALFA,0.5465,-3.1652,novel
1103,CHEMBL2159122,ELUXADOLINE,0.5463,-3.1671,novel
1104,CHEMBL2364637,TENOFOVIR ALAFENAMIDE FUMARATE,0.5463,-3.1673,novel
1105,CHEMBL3989989,AXICABTAGENE CILOLEUCEL,0.5462,-3.1682,novel
1106,CHEMBL189963,PALBOCICLIB,0.5461,-3.1703,novel
1107,CHEMBL1689063,AVIBACTAM,0.546,-3.1714,novel
1108,CHEMBL570,TRIFLUPROMAZINE,0.5456,-3.1761,novel
1109,CHEMBL3707357,BROLUCIZUMAB,0.5455,-3.1781,novel
1110,CHEMBL2106939,POLIHEXANIDE,0.5454,-3.1785,novel
1111,CHEMBL1743035,LEBRIKIZUMAB,0.5454,-3.1789,novel
1112,CHEMBL1201832,ROMIPLOSTIM,0.5454,-3.1789,novel
1113,CHEMBL1201560,PEGINTERFERON ALFA-2A,0.5454,-3.1796,novel
1114,CHEMBL6068382,SARS-COV-2 VIRUS SPIKE PROTEIN,0.5453,-3.1798,novel
1115,CHEMBL1172,DESLORATADINE,0.5451,-3.1828,novel
1116,CHEMBL502182,ELAGOLIX SODIUM,0.545,-3.1844,novel
1117,CHEMBL529437,COCAINE HYDROCHLORIDE,0.5449,-3.1854,novel
1118,CHEMBL46286,OMACETAXINE MEPESUCCINATE,0.5449,-3.1859,novel
1119,CHEMBL1488,URACIL MUSTARD,0.5449,-3.1859,novel
1120,CHEMBL1201247,GOSERELIN,0.5449,-3.1859,novel
1121,CHEMBL1201458,ETHIODIZED OIL,0.5449,-3.1859,novel
1122,CHEMBL1977579,STREPTOZOCIN,0.5449,-3.1859,novel
1123,CHEMBL4650319,MOBOCERTINIB,0.5449,-3.1859,novel
1124,CHEMBL1200444,PIRBUTEROL ACETATE,0.5448,-3.1873,novel
1125,CHEMBL1201728,DESVENLAFAXINE SUCCINATE,0.5447,-3.1882,novel
1126,CHEMBL1963681,AVANAFIL,0.5446,-3.1896,novel
1127,CHEMBL248702,DEXFENFLURAMINE,0.5444,-3.1916,novel
1128,CHEMBL1439,TAZOBACTAM SODIUM,0.5442,-3.1946,novel
1129,CHEMBL1094966,PIRBUTEROL,0.5442,-3.1949,novel
1130,CHEMBL6067989,CUPRIC CHLORIDE CU-64,0.5442,-3.195,novel
1131,CHEMBL1200561,DOXAZOSIN MESYLATE,0.5442,-3.1951,novel
1132,CHEMBL1129,TRIFLURIDINE,0.5439,-3.1983,novel
1133,CHEMBL1200638,DEXBROMPHENIRAMINE MALEATE,0.5439,-3.1984,novel
1134,CHEMBL2364639,VALBENAZINE,0.5438,-3.2001,novel
1135,CHEMBL2043437,GLASDEGIB,0.5438,-3.2002,novel
1136,CHEMBL1201012,FLURANDRENOLIDE,0.5438,-3.2003,novel
1137,CHEMBL3301597,FERRIC CITRATE,0.5437,-3.2007,novel
1138,CHEMBL3545252,DOCETAXEL,0.5437,-3.2013,novel
1139,CHEMBL1364,PYRIDOXINE,0.5437,-3.2015,novel
1140,CHEMBL578767,FLUMEXADOL,0.5435,-3.2031,novel
1141,CHEMBL1200598,DIETHYLSTILBESTROL DIPHOSPHATE,0.5435,-3.2035,novel
1142,CHEMBL70972,SERATRODAST,0.5435,-3.2041,novel
1143,CHEMBL137,METRONIDAZOLE,0.5432,-3.2072,novel
1144,CHEMBL1232,ERTAPENEM SODIUM,0.5427,-3.2133,novel
1145,CHEMBL1746,SODIUM PHENYLBUTYRATE,0.5426,-3.2148,novel
1146,CHEMBL1088,MESORIDAZINE,0.5426,-3.2149,novel
1147,CHEMBL452231,TENIPOSIDE,0.5426,-3.2154,novel
1148,CHEMBL2105732,LEVOMILNACIPRAN HYDROCHLORIDE,0.5423,-3.2184,novel
1149,CHEMBL2095222,OCRIPLASMIN,0.5423,-3.2188,novel
1150,CHEMBL6068365,STREPTOCOCCUS PNEUMONIAE POLYSACCHARIDE CONJUGATED TO CORYNEBACTERIUM DIPHTHERIAE TOXOID,0.5423,-3.2191,novel
1151,CHEMBL2108724,SEMAGLUTIDE,0.5423,-3.2192,novel
1152,CHEMBL284092,GEPIRONE,0.5421,-3.2213,novel
1153,CHEMBL589586,MONOMETHYL FUMARATE,0.5421,-3.2221,novel
1154,CHEMBL190461,CANNABIDIOL,0.5419,-3.2237,novel
1155,CHEMBL6068374,"CHIMERIC YELLOW FEVER DENGUE VIRUS, LIVE ATTENUATED",0.5419,-3.2248,novel
1156,CHEMBL1454910,NITROXOLINE,0.5417,-3.2268,novel
1157,CHEMBL405110,METHYLENE BLUE ANHYDROUS,0.5416,-3.2276,novel
1158,CHEMBL1200396,BUPIVACAINE HYDROCHLORIDE,0.5416,-3.2283,novel
1159,CHEMBL832,SULFINPYRAZONE,0.5416,-3.2286,novel
1160,CHEMBL5314362,ENTECAVIR,0.5415,-3.229,novel
1161,CHEMBL1321,PROCARBAZINE,0.5413,-3.2319,novel
1162,CHEMBL708,ZIPRASIDONE,0.5413,-3.2323,novel
1163,CHEMBL426084,SAMIDORPHAN,0.5412,-3.2331,novel
1164,CHEMBL1201180,DICLOFENAC EPOLAMINE,0.5411,-3.2346,novel
1165,CHEMBL313972,MASOPROCOL,0.5411,-3.2346,novel
1166,CHEMBL3137320,TALAZOPARIB,0.541,-3.2353,novel
1167,CHEMBL1201477,POLYESTRADIOL PHOSPHATE,0.5409,-3.2366,novel
1168,CHEMBL4105630,ZURANOLONE,0.5409,-3.2368,novel
1169,CHEMBL2105458,THENALIDINE,0.5407,-3.2393,novel
1170,CHEMBL6068383,"SARS-COV-2 VIRUS, INACTIVATED",0.5405,-3.2419,novel
1171,CHEMBL2108508,INTERFERON ALFA-2A,0.5405,-3.242,novel
1172,CHEMBL857,BIOTIN,0.5403,-3.2445,novel
1173,CHEMBL1201587,ALEMTUZUMAB,0.54,-3.2485,novel
1174,CHEMBL148,IMIPENEM ANHYDROUS,0.54,-3.2491,novel
1175,CHEMBL6068350,BORDETELLA PERTUSSIS PERTACTIN AUTOTRANSPORTER,0.5399,-3.2505,novel
1176,CHEMBL388590,BENZBROMARONE,0.5398,-3.2511,novel
1177,CHEMBL1743047,NECITUMUMAB,0.5396,-3.2538,novel
1178,CHEMBL1200963,BIMATOPROST,0.5392,-3.2585,novel
1179,CHEMBL2096631,CLORAZEPATE DIPOTASSIUM,0.5392,-3.259,novel
1180,CHEMBL2181927,FINERENONE,0.5388,-3.2648,novel
1181,CHEMBL778,DEXMEDETOMIDINE,0.5387,-3.265,novel
1182,CHEMBL167731,PIXANTRONE,0.5386,-3.2667,novel
1183,CHEMBL3184986,ZINC ACETATE,0.5385,-3.2685,novel
1184,CHEMBL91397,RUPATADINE,0.5384,-3.269,novel
1185,CHEMBL94454,MIZOLASTINE,0.5383,-3.271,novel
1186,CHEMBL3989756,TALC,0.5383,-3.271,novel
1187,CHEMBL276520,INDALPINE,0.5382,-3.2725,novel
1188,CHEMBL3989798,FORMOTEROL FUMARATE,0.538,-3.2746,novel
1189,CHEMBL24778,SILODOSIN,0.5379,-3.2762,novel
1190,CHEMBL4594300,FOSDENOPTERIN HYDROBROMIDE,0.5379,-3.2762,novel
1191,CHEMBL1201255,HISTRELIN,0.5378,-3.2768,novel
1192,CHEMBL773,GLYCINE,0.5377,-3.2788,novel
1193,CHEMBL4303060,MELPHALAN FLUFENAMIDE,0.5377,-3.2788,novel
1194,CHEMBL1201466,"ESTROGENS, CONJUGATED SYNTHETIC A",0.5375,-3.2806,novel
1195,CHEMBL4298092,GLOFITAMAB,0.5375,-3.2808,novel
1196,CHEMBL6068332,TENOFOVIR DISOPROXIL MALEATE,0.5375,-3.2812,novel
1197,CHEMBL3261331,RESMETIROM,0.5372,-3.2854,novel
1198,CHEMBL3187365,ASENAPINE,0.5371,-3.2856,novel
1199,CHEMBL1201066,VENLAFAXINE HYDROCHLORIDE,0.537,-3.287,novel
1200,CHEMBL499,TIMOLOL,0.5368,-3.2899,novel
1201,CHEMBL1201110,VALACYCLOVIR HYDROCHLORIDE,0.5368,-3.2905,novel
1202,CHEMBL1201162,DORZOLAMIDE HYDROCHLORIDE,0.5366,-3.2921,novel
1203,CHEMBL1742994,BRENTUXIMAB VEDOTIN,0.5365,-3.2936,novel
1204,CHEMBL4303454,DORIPENEM MONOHYDRATE,0.5365,-3.2944,novel
1205,CHEMBL1585,PIPOBROMAN,0.5364,-3.2949,novel
1206,CHEMBL5314796,SELVACOVATEIN,0.5364,-3.2957,novel
1207,CHEMBL157101,KETOCONAZOLE,0.5362,-3.2972,novel
1208,CHEMBL3989915,DIFELIKEFALIN,0.5361,-3.2991,novel
1209,CHEMBL191083,METHYLENE BLUE CATION,0.5361,-3.2997,novel
1210,CHEMBL6068351,"ROTAVIRUS, LIVE ATTENUATED",0.536,-3.3004,novel
1211,CHEMBL154,NAPROXEN,0.5359,-3.3018,novel
1212,CHEMBL939,GEFITINIB,0.5359,-3.302,novel
1213,CHEMBL1201274,LEVOBETAXOLOL,0.5358,-3.3026,novel
1214,CHEMBL1448187,FLUPHENAZINE HYDROCHLORIDE,0.5358,-3.3031,novel
1215,CHEMBL545,ALCOHOL,0.5358,-3.3035,novel
1216,CHEMBL946,AZATADINE,0.5358,-3.3036,novel
1217,CHEMBL6068381,ADENOVIRUS TYPE 26 ENCODING SARS-COV-2 SPIKE GLYCOPROTEIN,0.5355,-3.3063,novel
1218,CHEMBL1693,DIETHYLPROPION HYDROCHLORIDE,0.5354,-3.3082,novel
1219,CHEMBL675,ALENDRONATE SODIUM,0.5353,-3.3095,novel
1220,CHEMBL1743081,TRALOKINUMAB,0.5352,-3.311,novel
1221,CHEMBL855,TRIPROLIDINE,0.5352,-3.3111,novel
1222,CHEMBL1213251,CLOBENZOREX,0.5351,-3.3121,novel
1223,CHEMBL70046,SORIVUDINE,0.535,-3.3131,novel
1224,CHEMBL997,IBANDRONIC ACID,0.5348,-3.3158,novel
1225,CHEMBL532,ERYTHROMYCIN,0.5347,-3.3168,novel
1226,CHEMBL1713,CHLORPROMAZINE HYDROCHLORIDE,0.5346,-3.3183,novel
1227,CHEMBL1096562,METHYL AMINOLEVULINATE,0.5345,-3.3201,novel
1228,CHEMBL93,ZILEUTON,0.5344,-3.3211,novel
1229,CHEMBL1472,PROTIRELIN,0.5344,-3.3216,novel
1230,CHEMBL1200434,OXTRIPHYLLINE,0.5343,-3.3227,novel
1231,CHEMBL4650273,SETMELANOTIDE ACETATE,0.5342,-3.3233,novel
1232,CHEMBL3940890,ACORAMIDIS,0.5341,-3.3243,novel
1233,CHEMBL1200531,ALFENTANIL HYDROCHLORIDE,0.534,-3.3258,novel
1234,CHEMBL3833329,ERENUMAB,0.534,-3.3266,novel
1235,CHEMBL2108670,BEZLOTOXUMAB,0.5339,-3.3278,novel
1236,CHEMBL56021,LEVACETYLLEUCINE,0.5339,-3.3279,novel
1237,CHEMBL4297503,BALOXAVIR MARBOXIL,0.5336,-3.3313,novel
1238,CHEMBL1741,CLARITHROMYCIN,0.5336,-3.3318,novel
1239,CHEMBL1201295,BITOLTEROL,0.5331,-3.3374,novel
1240,CHEMBL1257040,TRIFLUOPERAZINE HYDROCHLORIDE,0.5327,-3.3425,novel
1241,CHEMBL1336,SORAFENIB,0.5327,-3.343,novel
1242,CHEMBL4173394,BRILLIANT BLUE G,0.5327,-3.3431,novel
1243,CHEMBL91,MICONAZOLE,0.5326,-3.3439,novel
1244,CHEMBL4298149,ARIMOCLOMOL CITRATE,0.5325,-3.3452,novel
1245,CHEMBL411,DIETHYLSTILBESTROL,0.5324,-3.3464,novel
1246,CHEMBL1533310,HISTAMINE DIHYDROCHLORIDE,0.5324,-3.3472,novel
1247,CHEMBL1200912,PHENTERMINE HYDROCHLORIDE,0.5323,-3.3481,novel
1248,CHEMBL4,OFLOXACIN,0.5322,-3.3488,novel
1249,CHEMBL3833319,REVEFENACIN,0.5322,-3.3496,novel
1250,CHEMBL1237025,PEGLOTICASE,0.5322,-3.3497,novel
1251,CHEMBL2062163,PHENDIMETRAZINE TARTRATE,0.5322,-3.3497,novel
1252,CHEMBL4802130,BELUMOSUDIL MESYLATE,0.5321,-3.351,novel
1253,CHEMBL3545132,MIRVETUXIMAB SORAVTANSINE,0.5319,-3.3529,novel
1254,CHEMBL4594535,SUGEMALIMAB,0.5319,-3.3535,novel
1255,CHEMBL3544906,BENZPHETAMINE HYDROCHLORIDE,0.5319,-3.3538,novel
1256,CHEMBL5315051,YTTRIUM CHLORIDE Y-90,0.5317,-3.3555,novel
1257,CHEMBL2219414,ERAVACYCLINE DIHYDROCHLORIDE,0.5315,-3.3581,novel
1258,CHEMBL1194666,DIETHYLPROPION,0.5315,-3.3591,novel
1259,CHEMBL742,KETAMINE,0.5314,-3.3592,novel
1260,CHEMBL501,AMPHETAMINE SULFATE,0.5312,-3.362,novel
1261,CHEMBL2396661,ALPELISIB,0.531,-3.3654,novel
1262,CHEMBL2105735,ASUNAPREVIR,0.5308,-3.3671,novel
1263,CHEMBL1339,VARDENAFIL HYDROCHLORIDE,0.5308,-3.3677,novel
1264,CHEMBL576127,FENSPIRIDE,0.5308,-3.3677,novel
1265,CHEMBL9,NORFLOXACIN,0.5306,-3.3697,novel
1266,CHEMBL184,ACYCLOVIR,0.5306,-3.3707,novel
1267,CHEMBL1417019,MITOXANTRONE HYDROCHLORIDE,0.5303,-3.3742,novel
1268,CHEMBL1714574,TERCONAZOLE,0.5301,-3.377,novel
1269,CHEMBL125,MILTEFOSINE,0.5299,-3.3795,novel
1270,CHEMBL5315079,DEPREOTIDE TRIFLUOROACETATE,0.5295,-3.3842,novel
1271,CHEMBL1723,ALFUZOSIN HYDROCHLORIDE,0.5294,-3.3857,novel
1272,CHEMBL1683590,ERIBULIN,0.5294,-3.386,novel
1273,CHEMBL1082607,SALMETEROL XINAFOATE,0.5293,-3.3863,novel
1274,CHEMBL108,CARBAMAZEPINE,0.5289,-3.392,novel
1275,CHEMBL16476,PRONETALOL,0.5288,-3.3931,novel
1276,CHEMBL83063,RITODRINE,0.5284,-3.398,novel
1277,CHEMBL672,FENOFIBRATE,0.5282,-3.4007,novel
1278,CHEMBL288470,AMINOPYRINE,0.5282,-3.4009,novel
1279,CHEMBL2110731,TOFOGLIFLOZIN ANHYDROUS,0.5281,-3.4026,novel
1280,CHEMBL2107360,PALIPERIDONE PALMITATE,0.5279,-3.4052,novel
1281,CHEMBL4594273,ELACESTRANT HYDROCHLORIDE,0.5276,-3.4091,novel
1282,CHEMBL2096648,UREA C 13,0.5276,-3.4091,novel
1283,CHEMBL1512,FLUNISOLIDE,0.5275,-3.4108,novel
1284,CHEMBL113,CAFFEINE,0.5272,-3.4137,novel
1285,CHEMBL1201419,LUTROPIN ALFA,0.5272,-3.4144,novel
1286,CHEMBL3707246,OZANIMOD HYDROCHLORIDE,0.5271,-3.4153,novel
1287,CHEMBL181,DIAZOXIDE,0.527,-3.417,novel
1288,CHEMBL36506,NOVOBIOCIN,0.5269,-3.4177,novel
1289,CHEMBL1201192,ARMODAFINIL,0.5269,-3.4184,novel
1290,CHEMBL1200527,ATRACURIUM BESYLATE,0.5268,-3.4194,novel
1291,CHEMBL1201196,SERTACONAZOLE,0.5266,-3.4215,novel
1292,CHEMBL5314382,PASIREOTIDE PAMOATE,0.5266,-3.4217,novel
1293,CHEMBL2110962,MEFENOREX,0.5265,-3.4233,novel
1294,CHEMBL1200522,AVOBENZONE,0.5264,-3.4247,novel
1295,CHEMBL3990034,FIDANACOGENE ELAPARVOVEC,0.5263,-3.4257,novel
1296,CHEMBL105,MITOMYCIN,0.5262,-3.4271,novel
1297,CHEMBL6068356,"MUMPS VIRUS, LIVE ATTENUATED",0.5262,-3.4274,novel
1298,CHEMBL553025,VINORELBINE,0.526,-3.4295,novel
1299,CHEMBL3989551,LINCOMYCIN HYDROCHLORIDE,0.5259,-3.4303,novel
1300,CHEMBL1397,POSACONAZOLE,0.5259,-3.4314,novel
1301,CHEMBL3301622,GILTERITINIB,0.5257,-3.4334,novel
1302,CHEMBL3301675,LINACLOTIDE,0.5257,-3.4336,novel
1303,CHEMBL2105759,BARICITINIB,0.5257,-3.4339,novel
1304,CHEMBL1106,EPINASTINE,0.5257,-3.4339,novel
1305,CHEMBL2104993,VORTIOXETINE,0.5257,-3.434,novel
1306,CHEMBL4650272,TRILACICLIB DIHYDROCHLORIDE,0.5256,-3.4347,novel
1307,CHEMBL4299940,MITAPIVAT,0.5253,-3.4386,novel
1308,CHEMBL1628234,DOXEPIN HYDROCHLORIDE,0.5252,-3.4399,novel
1309,CHEMBL777,CLAVULANIC ACID,0.5251,-3.4409,novel
1310,CHEMBL1200556,DESMOPRESSIN ACETATE,0.5251,-3.441,novel
1311,CHEMBL14060,PHENOL,0.525,-3.4424,novel
1312,CHEMBL1419,SIBUTRAMINE,0.5249,-3.4438,novel
1313,CHEMBL111,RIMONABANT,0.5249,-3.4442,novel
1314,CHEMBL2105648,PALOVAROTENE,0.5248,-3.445,novel
1315,CHEMBL1201467,"SYNTHETIC CONJUGATED ESTROGENS, B",0.5247,-3.446,novel
1316,CHEMBL3183184,OCTINOXATE,0.5247,-3.4461,novel
1317,CHEMBL1200493,NAFTIFINE HYDROCHLORIDE,0.5242,-3.453,novel
1318,CHEMBL2062264,PHENYLEPHRINE BITARTRATE,0.524,-3.4556,novel
1319,CHEMBL1460,DIDANOSINE,0.5239,-3.4571,novel
1320,CHEMBL1770916,NIROGACESTAT,0.5238,-3.4577,novel
1321,CHEMBL6068366,STREPTOCOCCUS PNEUMONIAE POLYSACCHARIDE CONJUGATED TO TETANUS TOXOID,0.5232,-3.4653,novel
1322,CHEMBL1486,TENOFOVIR DISOPROXIL FUMARATE,0.5231,-3.4672,novel
1323,CHEMBL387675,DAPTOMYCIN,0.5229,-3.4701,novel
1324,CHEMBL2107374,SUGAMMADEX SODIUM,0.5228,-3.4707,novel
1325,CHEMBL25,ASPIRIN,0.5228,-3.4709,novel
1326,CHEMBL4298189,ELADOCAGENE EXUPARVOVEC,0.5227,-3.4723,novel
1327,CHEMBL1200806,NAPROXEN SODIUM,0.5227,-3.4726,novel
1328,CHEMBL766,CILASTATIN,0.5225,-3.4753,novel
1329,CHEMBL521,IBUPROFEN,0.5224,-3.4755,novel
1330,CHEMBL1388,MONOBENZONE,0.5224,-3.4756,novel
1331,CHEMBL1200454,VALGANCICLOVIR HYDROCHLORIDE,0.5224,-3.4759,novel
1332,CHEMBL1456,MYCOPHENOLATE MOFETIL,0.5223,-3.4773,novel
1333,CHEMBL1908919,FLORBETAPIR,0.5222,-3.4783,novel
1334,CHEMBL6068493,STREPTOCOCCUS PNEUMONIAE POLYSACCHARIDE CONJUGATED TO CORYNEBACTERIUM DIPHTHERIAE CRM197,0.522,-3.4815,novel
1335,CHEMBL3989562,TERAZOSIN HYDROCHLORIDE,0.5217,-3.4853,novel
1336,CHEMBL413,SIROLIMUS,0.5216,-3.4857,novel
1337,CHEMBL1251,GANIRELIX,0.5214,-3.4895,novel
1338,CHEMBL1201163,SUFENTANIL CITRATE,0.5212,-3.491,novel
1339,CHEMBL175247,ORLISTAT,0.5211,-3.4923,novel
1340,CHEMBL2007641,PERTUZUMAB,0.5211,-3.4926,novel
1341,CHEMBL249837,METHACYCLINE,0.5211,-3.4931,novel
1342,CHEMBL1789842,INDACATEROL MALEATE,0.5209,-3.4948,novel
1343,CHEMBL928,DANTROLENE SODIUM,0.5209,-3.496,novel
1344,CHEMBL3707183,QUINIDINE SULFATE,0.5204,-3.5015,novel
1345,CHEMBL1547,THIAMINE ION,0.5203,-3.5037,novel
1346,CHEMBL2364653,ANIFROLUMAB,0.5199,-3.508,novel
1347,CHEMBL5483015,ARSENIC TRIOXIDE,0.5199,-3.5084,novel
1348,CHEMBL2105758,AVATROMBOPAG MALEATE,0.5196,-3.5115,novel
1349,CHEMBL960,LEFLUNOMIDE,0.5196,-3.5115,novel
1350,CHEMBL548,DINOPROSTONE,0.5196,-3.5123,novel
1351,CHEMBL175691,RILPIVIRINE,0.5195,-3.5137,novel
1352,CHEMBL4084119,LIRAGLUTIDE,0.5193,-3.5165,novel
1353,CHEMBL1200501,GOSERELIN ACETATE,0.5193,-3.5165,novel
1354,CHEMBL1200890,OXYCODONE HYDROCHLORIDE,0.5192,-3.517,novel
1355,CHEMBL1234,DEFEROXAMINE MESYLATE,0.5192,-3.5174,novel
1356,CHEMBL1789844,IPILIMUMAB,0.5191,-3.5182,novel
1357,CHEMBL712,ANISINDIONE,0.5191,-3.5192,novel
1358,CHEMBL3099695,OSILODROSTAT,0.519,-3.5198,novel
1359,CHEMBL3707326,BUROSUMAB,0.519,-3.5201,novel
1360,CHEMBL1568698,GANAXOLONE,0.5189,-3.521,novel
1361,CHEMBL1200322,ESCITALOPRAM OXALATE,0.5186,-3.5245,novel
1362,CHEMBL6068346,"HEPATITIS B VIRUS S PROTEIN, PRE-S1 PROTEIN AND PRE-S2 PROTEIN VIRUS LIKE PARTICLES",0.5185,-3.5262,novel
1363,CHEMBL2218917,CEVIMELINE HYDROCHLORIDE,0.5185,-3.5264,novel
1364,CHEMBL6068375,VESICULAR STOMATITIS VIRUS ENCODING EBOLA VIRUS GLYCOPROTEIN,0.5183,-3.5286,novel
1365,CHEMBL1698,BUPROPION HYDROCHLORIDE,0.5183,-3.529,novel
1366,CHEMBL2108214,AGALSIDASE ALFA,0.5183,-3.5295,novel
1367,CHEMBL869,NITROFURAZONE,0.5182,-3.5296,novel
1368,CHEMBL810,TEMOZOLOMIDE,0.5181,-3.5311,novel
1369,CHEMBL1117,IDARUBICIN,0.5181,-3.5317,novel
1370,CHEMBL1546,HYDROXYAMPHETAMINE,0.5177,-3.5368,novel
1371,CHEMBL1963683,TAFLUPROST,0.5175,-3.5396,novel
1372,CHEMBL2134724,IPRATROPIUM BROMIDE,0.5174,-3.5411,novel
1373,CHEMBL1323,DARUNAVIR,0.5171,-3.5448,novel
1374,CHEMBL420762,MOZAVAPTAN,0.5167,-3.5494,novel
1375,CHEMBL4298054,STEM BROMELAIN,0.5167,-3.5496,novel
1376,CHEMBL1200759,ANAGRELIDE HYDROCHLORIDE,0.5166,-3.5504,novel
1377,CHEMBL762,OXYMETAZOLINE,0.5164,-3.5531,novel
1378,CHEMBL6068358,"ROTAVIRUS, LIVE",0.5164,-3.5533,novel
1379,CHEMBL584,NELFINAVIR,0.5162,-3.5555,novel
1380,CHEMBL2106217,FENFLURAMINE HYDROCHLORIDE,0.5162,-3.5564,novel
1381,CHEMBL2108593,EPOETIN ZETA,0.5159,-3.5594,novel
1382,CHEMBL811,BROMPHENIRAMINE,0.5157,-3.5624,novel
1383,CHEMBL5315124,LEVOFLOXACIN,0.5157,-3.5629,novel
1384,CHEMBL5315062,LUTETIUM CHLORIDE LU-177,0.5156,-3.5639,novel
1385,CHEMBL2109092,EPOETIN BETA,0.5156,-3.564,novel
1386,CHEMBL6068341,TENOFOVIR DISOPROXIL PHOSPHATE,0.5154,-3.566,novel
1387,CHEMBL1770248,ERTUGLIFLOZIN,0.5152,-3.5691,novel
1388,CHEMBL1201599,HUMAN IMMUNOGLOBULIN G,0.5151,-3.5705,novel
1389,CHEMBL2108185,CORIFOLLITROPIN ALFA,0.5149,-3.5727,novel
1390,CHEMBL1200737,COLFOSCERIL PALMITATE,0.5147,-3.5756,novel
1391,CHEMBL979,MEPROBAMATE,0.5146,-3.5772,novel
1392,CHEMBL1200799,TRAVOPROST,0.5145,-3.5783,novel
1393,CHEMBL240597,CHENODIOL,0.5142,-3.5817,novel
1394,CHEMBL3989958,IVOSIDENIB,0.5139,-3.5857,novel
1395,CHEMBL5315053,PEMETREXED MONOHYDRATE,0.5139,-3.5862,novel
1396,CHEMBL1200881,MINOCYCLINE HYDROCHLORIDE,0.5139,-3.5863,novel
1397,CHEMBL5315113,SPHEROIDS OF HUMAN AUTOLOGOUS MATRIX-ASSOCIATED CHONDROCYTES,0.5137,-3.5878,novel
1398,CHEMBL450449,TRABECTEDIN,0.5137,-3.5883,novel
1399,CHEMBL6068357,"VARICELLA ZOSTER VIRUS, LIVE ATTENUATED",0.5135,-3.5912,novel
1400,CHEMBL3989514,IRINOTECAN HYDROCHLORIDE,0.5132,-3.5944,novel
1401,CHEMBL348000,CINCHOPHEN,0.5131,-3.5962,novel
1402,CHEMBL601,AMINOLEVULINIC ACID,0.5131,-3.5964,novel
1403,CHEMBL112,ACETAMINOPHEN,0.5128,-3.6001,novel
1404,CHEMBL4594260,TAZEMETOSTAT HYDROBROMIDE,0.5128,-3.6003,novel
1405,CHEMBL2108809,SULESOMAB,0.5126,-3.6028,novel
1406,CHEMBL414357,EXENATIDE,0.5125,-3.6032,novel
1407,CHEMBL514,LOMUSTINE,0.5125,-3.6043,novel
1408,CHEMBL4297840,TISLELIZUMAB,0.5124,-3.6045,novel
1409,CHEMBL849,TRICLOSAN,0.5123,-3.6062,novel
1410,CHEMBL720,BENZYL ALCOHOL,0.5123,-3.607,novel
1411,CHEMBL4298153,NIROGACESTAT HYDROBROMIDE,0.512,-3.6101,novel
1412,CHEMBL786,TAMOXIFEN CITRATE,0.512,-3.6103,novel
1413,CHEMBL505,CHLORPHENIRAMINE,0.5118,-3.6122,novel
1414,CHEMBL516,CYPROHEPTADINE,0.5116,-3.6158,novel
1415,CHEMBL3989909,LENIOLISIB PHOSPHATE,0.5115,-3.6164,novel
1416,CHEMBL2364649,MARGETUXIMAB,0.5115,-3.617,novel
1417,CHEMBL4535757,SOTORASIB,0.5113,-3.6189,novel
1418,CHEMBL659,GALANTAMINE,0.5113,-3.6194,novel
1419,CHEMBL2107383,VERNAKALANT HYDROCHLORIDE,0.5113,-3.6197,novel
1420,CHEMBL779,TADALAFIL,0.5112,-3.6212,novel
1421,CHEMBL1200509,HISTRELIN ACETATE,0.511,-3.6231,novel
1422,CHEMBL220491,BRINZOLAMIDE,0.5109,-3.625,novel
1423,CHEMBL43,AMSACRINE,0.5109,-3.6251,novel
1424,CHEMBL1256391,PIRFENIDONE,0.5107,-3.6271,novel
1425,CHEMBL6067656,CEFTRIAXONE SODIUM,0.5106,-3.6281,novel
1426,CHEMBL6068376,"DENGUE VIRUS, LIVE ATTENUATED",0.5105,-3.6291,novel
1427,CHEMBL1201645,INTRINSIC FACTOR,0.5105,-3.6296,novel
1428,CHEMBL6068349,BORDETELLA PERTUSSIS TOXIN,0.5105,-3.6298,novel
1429,CHEMBL298734,LONAFARNIB,0.5104,-3.6305,novel
1430,CHEMBL5315067,AUTOLOGOUS PERIPHERAL-BLOOD MONONUCLEAR CELLS INCLUDING A MINIMUM OF 50 MILLION AUTOLOGOUS CD54+ CELLS ACTIVATED WITH PROSTATIC ACID PHOSPHATASE GRANULOCYTE-MACROPHAGE COLONY-STIMULATING FACTOR,0.5104,-3.6305,novel
1431,CHEMBL1200989,ALCLOMETASONE DIPROPIONATE,0.5103,-3.6326,novel
1432,CHEMBL2105680,RIFAMYCIN SODIUM,0.5103,-3.6326,novel
1433,CHEMBL6068423,ESTETROL,0.5102,-3.634,novel
1434,CHEMBL1255654,TETRACAINE HYDROCHLORIDE,0.5102,-3.634,novel
1435,CHEMBL3544988,DAPRODUSTAT,0.5101,-3.6349,novel
1436,CHEMBL3608680,FEZOLINETANT,0.5101,-3.6351,novel
1437,CHEMBL1200688,ERYTHROMYCIN ETHYLSUCCINATE,0.51,-3.6357,novel
1438,CHEMBL196,ASCORBIC ACID,0.5098,-3.6383,novel
1439,CHEMBL403,SULBACTAM,0.5093,-3.645,novel
1440,CHEMBL1691,BETAXOLOL HYDROCHLORIDE,0.5093,-3.645,novel
1441,CHEMBL1200950,CLIDINIUM BROMIDE,0.5091,-3.6482,novel
1442,CHEMBL465,DRONABINOL,0.5083,-3.6582,novel
1443,CHEMBL1237080,GRANISETRON HYDROCHLORIDE,0.5081,-3.6602,novel
1444,CHEMBL634,ALFENTANIL,0.508,-3.6621,novel
1445,CHEMBL2028987,DEGARELIX ACETATE,0.5079,-3.6626,novel
1446,CHEMBL1201780,CARGLUMIC ACID,0.5079,-3.663,novel
1447,CHEMBL1224,ACRIVASTINE,0.5079,-3.663,novel
1448,CHEMBL1200830,FERROUS SULFATE,0.5079,-3.6632,novel
1449,CHEMBL1201286,OXYPHENONIUM,0.5078,-3.6643,novel
1450,CHEMBL2108041,OCRELIZUMAB,0.5077,-3.6663,novel
1451,CHEMBL1002,LEVOSALBUTAMOL,0.5076,-3.6669,novel
1452,CHEMBL524004,MEPENZOLATE,0.5076,-3.6676,novel
1453,CHEMBL719,MUPIROCIN,0.5074,-3.6691,novel
1454,CHEMBL4297794,NEMOLIZUMAB,0.5072,-3.6727,novel
1455,CHEMBL1200944,SULBACTAM SODIUM,0.5071,-3.6733,novel
1456,CHEMBL1200618,FEXOFENADINE HYDROCHLORIDE,0.5071,-3.6734,novel
1457,CHEMBL1200554,TRIPTORELIN PAMOATE,0.5069,-3.6756,novel
1458,CHEMBL2362410,LANDIOLOL HYDROCHLORIDE,0.5069,-3.676,novel
1459,CHEMBL1434513,NOREPINEPHRINE BITARTRATE,0.5069,-3.6767,novel
1460,CHEMBL1200875,FLAVOXATE HYDROCHLORIDE,0.5068,-3.6769,novel
1461,CHEMBL1594,PANTOTHENIC ACID,0.5068,-3.6776,novel
1462,CHEMBL1200907,TRILOSTANE,0.5067,-3.679,novel
1463,CHEMBL24,ATENOLOL,0.5066,-3.6802,novel
1464,CHEMBL5314347,SEVELAMER CARBONATE,0.5063,-3.6837,novel
1465,CHEMBL1330792,ACETARSONE,0.5062,-3.6858,novel
1466,CHEMBL4297844,TRASTUZUMAB DERUXTECAN,0.5061,-3.6862,novel
1467,CHEMBL1471,APREPITANT,0.5061,-3.6862,novel
1468,CHEMBL4594333,ELIVALDOGENE AUTOTEMCEL,0.5059,-3.6885,novel
1469,CHEMBL5314588,PERFLUOROHEXYLOCTANE,0.5058,-3.6898,novel
1470,CHEMBL3301610,ABEMACICLIB,0.5058,-3.6902,novel
1471,CHEMBL404,TAZOBACTAM,0.5058,-3.6908,novel
1472,CHEMBL443052,TAVABOROLE,0.5055,-3.6938,novel
1473,CHEMBL615,PENICILLIN V,0.5055,-3.6941,novel
1474,CHEMBL6068380,CHIMPANZEE ADENOVIRUS ENCODING SARS-COV-2 SPIKE GLYCOPROTEIN,0.5054,-3.6957,novel
1475,CHEMBL1200348,SULCONAZOLE NITRATE,0.5053,-3.6967,novel
1476,CHEMBL498847,SECNIDAZOLE,0.5052,-3.6977,novel
1477,CHEMBL601719,CRIZOTINIB,0.5052,-3.6981,novel
1478,CHEMBL902,FAMOTIDINE,0.5051,-3.6991,novel
1479,CHEMBL2108021,BESILESOMAB,0.5051,-3.6992,novel
1480,CHEMBL944,CHLOROPROCAINE HYDROCHLORIDE,0.505,-3.7,novel
1481,CHEMBL3544921,CERLIPONASE ALFA,0.5048,-3.7032,novel
1482,CHEMBL1790041,RANITIDINE,0.5047,-3.7044,novel
1483,CHEMBL2104415,MOXIDECTIN,0.5047,-3.705,novel
1484,CHEMBL4594285,PADELIPORFIN POTASSIUM,0.5046,-3.7053,novel
1485,CHEMBL462605,PITOLISANT,0.5044,-3.7084,novel
1486,CHEMBL126,LINEZOLID,0.5043,-3.7099,novel
1487,CHEMBL2107214,IOMEPROL,0.5041,-3.7116,novel
1488,CHEMBL2108466,GINKGO,0.5039,-3.7143,novel
1489,CHEMBL1410,NONOXYNOL 9,0.5037,-3.7174,novel
1490,CHEMBL4297990,TEBENTAFUSP,0.5037,-3.7178,novel
1491,CHEMBL1743082,TRASTUZUMAB EMTANSINE,0.5033,-3.7226,novel
1492,CHEMBL5095401,IPTACOPAN HYDROCHLORIDE,0.5033,-3.7232,novel
1493,CHEMBL1540,PENCICLOVIR,0.503,-3.7263,novel
1494,CHEMBL31,GATIFLOXACIN,0.503,-3.7271,novel
1495,CHEMBL639,AZELASTINE,0.5029,-3.7273,novel
1496,CHEMBL1742982,AFLIBERCEPT,0.5026,-3.7317,novel
1497,CHEMBL2095207,CHOLINE C-11,0.5026,-3.7318,novel
1498,CHEMBL4802223,LEUPROLIDE MESYLATE,0.5026,-3.7318,novel
1499,CHEMBL6068345,CHARACTERISED VIABLE AUTOLOGOUS CARTILAGE CELLS EXPANDED EX VIVO EXPRESSING SPECIFIC MARKER PROTEINS,0.5026,-3.732,novel
1500,CHEMBL484785,CRISABOROLE,0.5024,-3.7347,novel
1501,CHEMBL1201232,ISOPROPAMIDE,0.5022,-3.7364,novel
1502,CHEMBL2103822,TASIMELTEON,0.5021,-3.7379,novel
1503,CHEMBL1626,CLEMASTINE,0.5019,-3.741,novel
1504,CHEMBL4802262,ATIDARSAGENE AUTOTEMCEL,0.5018,-3.7414,novel
1505,CHEMBL21,SULFANILAMIDE,0.5018,-3.7426,novel
1506,CHEMBL1591,DEMECLOCYCLINE,0.5017,-3.7427,novel
1507,CHEMBL844,BRIMONIDINE,0.5016,-3.7446,novel
1508,CHEMBL1200794,OXYMORPHONE HYDROCHLORIDE,0.5015,-3.7462,novel
1509,CHEMBL1574,PHENTERMINE,0.5013,-3.7488,novel
1510,CHEMBL1201515,PEGVISOMANT,0.5012,-3.7503,novel
1511,CHEMBL3989931,ENASIDENIB MESYLATE,0.5009,-3.7534,novel
1512,CHEMBL6068327,ACETYLCYSTEINE LYSINE,0.5008,-3.7544,novel
1513,CHEMBL1005,REMIFENTANIL,0.5004,-3.76,novel
1514,CHEMBL3989516,FOSTAMATINIB DISODIUM,0.5004,-3.7604,novel
1515,CHEMBL1646,INDOCYANINE GREEN,0.5003,-3.7612,novel
1516,CHEMBL1720,PALONOSETRON HYDROCHLORIDE,0.5003,-3.7618,novel
1517,CHEMBL815,DINOPROST,0.5002,-3.7625,novel
1518,CHEMBL1628502,GABAPENTIN ENACARBIL,0.5,-3.7646,novel
1519,CHEMBL4594251,NETARSUDIL DIMESYLATE,0.4991,-3.7772,novel
1520,CHEMBL1109,SULFAPHENAZOLE,0.4989,-3.7798,novel
1521,CHEMBL1200339,PHENYLEPHRINE HYDROCHLORIDE,0.4988,-3.7812,novel
1522,CHEMBL1228,OXYPHENBUTAZONE ANHYDROUS,0.4987,-3.7815,novel
1523,CHEMBL1495,OXYPHENCYCLIMINE,0.4986,-3.7831,novel
1524,CHEMBL1513,IRBESARTAN,0.4984,-3.7856,novel
1525,CHEMBL1201354,TRIDIHEXETHYL,0.4984,-3.7863,novel
1526,CHEMBL1863513,INGENOL MEBUTATE,0.4982,-3.7885,novel
1527,CHEMBL1201264,METHANTHELINE,0.4976,-3.7956,novel
1528,CHEMBL3186492,ONDANSETRON HYDROCHLORIDE,0.4976,-3.7957,novel
1529,CHEMBL5315055,NALMEFENE HYDROCHLORIDE DIHYDRATE,0.4973,-3.8,novel
1530,CHEMBL567,PERPHENAZINE,0.4971,-3.8031,novel
1531,CHEMBL1201141,IBUPROFEN LYSINE,0.497,-3.8035,novel
1532,CHEMBL8,CIPROFLOXACIN,0.497,-3.8037,novel
1533,CHEMBL1201325,HEXOCYCLIUM,0.4969,-3.8053,novel
1534,CHEMBL6068335,PEMETREXED DISODIUM HEMIPENTAHYDRATE,0.4969,-3.8053,novel
1535,CHEMBL1528,SODIUM FLUORIDE,0.4969,-3.8059,novel
1536,CHEMBL761,NAPHAZOLINE,0.4966,-3.809,novel
1537,CHEMBL85,RISPERIDONE,0.4964,-3.8114,novel
1538,CHEMBL1110,ALOSETRON,0.4964,-3.8117,novel
1539,CHEMBL11662,OZAGREL,0.4962,-3.8144,novel
1540,CHEMBL86,METOCLOPRAMIDE,0.4961,-3.8152,novel
1541,CHEMBL1436,CEFUROXIME,0.4961,-3.8158,novel
1542,CHEMBL1201049,ECONAZOLE NITRATE,0.496,-3.8174,novel
1543,CHEMBL2096647,LANTHANUM CARBONATE,0.4959,-3.8186,novel
1544,CHEMBL5314559,FLOTUFOLASTAT F-18 GALLIUM,0.4958,-3.8199,novel
1545,CHEMBL1623,MECLIZINE,0.4957,-3.8202,novel
1546,CHEMBL4594388,ANSUVIMAB,0.4956,-3.8217,novel
1547,CHEMBL1051,LATANOPROST,0.4954,-3.825,novel
1548,CHEMBL1516474,TEGASEROD MALEATE,0.4953,-3.8261,novel
1549,CHEMBL1201729,DRONEDARONE HYDROCHLORIDE,0.4952,-3.8276,novel
1550,CHEMBL2368861,BUPRENORPHINE HYDROCHLORIDE,0.4951,-3.828,novel
1551,CHEMBL3301594,FOSTEMSAVIR,0.4951,-3.8283,novel
1552,CHEMBL4802224,FERRIC OXYHYDROXIDE,0.4951,-3.829,novel
1553,CHEMBL1200725,SERTACONAZOLE NITRATE,0.495,-3.8297,novel
1554,CHEMBL1492,DIPHENYLPYRALINE,0.4949,-3.831,novel
1555,CHEMBL2108184,CROFELEMER,0.4947,-3.8333,novel
1556,CHEMBL1201044,DAPIPRAZOLE HYDROCHLORIDE,0.4947,-3.8334,novel
1557,CHEMBL2108667,YTTRIUM Y 90 IBRITUMOMAB TIUXETAN,0.4946,-3.8355,novel
1558,CHEMBL996,CEFOXITIN,0.4945,-3.8357,novel
1559,CHEMBL1200930,RABEPRAZOLE SODIUM,0.4945,-3.8363,novel
1560,CHEMBL1128,EDROPHONIUM CHLORIDE,0.4941,-3.8409,novel
1561,CHEMBL463,AMINOHIPPURIC ACID,0.4939,-3.8439,novel
1562,CHEMBL1200775,LEUPROLIDE ACETATE,0.4937,-3.8462,novel
1563,CHEMBL5314375,CIDOFOVIR,0.4937,-3.8471,novel
1564,CHEMBL1200851,HOMATROPINE METHYLBROMIDE,0.4935,-3.8487,novel
1565,CHEMBL1201340,DIPHEMANIL,0.4935,-3.8487,novel
1566,CHEMBL3304486,DIFEMERINE,0.4935,-3.8487,novel
1567,CHEMBL1200979,DEXPANTHENOL,0.4934,-3.8505,novel
1568,CHEMBL1743029,IBALIZUMAB,0.4932,-3.8526,novel
1569,CHEMBL10878,AGOMELATINE,0.4932,-3.853,novel
1570,CHEMBL1254682,LEVALLORPHAN,0.493,-3.8551,novel
1571,CHEMBL1256818,DEXTROMETHORPHAN HYDROBROMIDE,0.493,-3.8553,novel
1572,CHEMBL6068378,ADENOVIRUS TYPE 26 ENCODING EBOLA VIRUS GLYCOPROTEIN,0.4929,-3.8569,novel
1573,CHEMBL1200724,PSEUDOEPHEDRINE HYDROCHLORIDE,0.4928,-3.8584,novel
1574,CHEMBL1671,PROPRANOLOL HYDROCHLORIDE,0.4926,-3.8602,novel
1575,CHEMBL1201734,BENDAMUSTINE HYDROCHLORIDE,0.4926,-3.861,novel
1576,CHEMBL1654,RISEDRONATE SODIUM,0.4925,-3.8624,novel
1577,CHEMBL1201288,DANTROLENE,0.4923,-3.8642,novel
1578,CHEMBL973,TERIFLUNOMIDE,0.4921,-3.8666,novel
1579,CHEMBL1200981,EPIRUBICIN HYDROCHLORIDE,0.4919,-3.8697,novel
1580,CHEMBL852,MELPHALAN,0.4919,-3.8704,novel
1581,CHEMBL1200962,CEFEPIME HYDROCHLORIDE,0.4917,-3.8719,novel
1582,CHEMBL1757,FOSFOMYCIN,0.4911,-3.8805,novel
1583,CHEMBL1200359,SULFAMETER,0.4909,-3.8831,novel
1584,CHEMBL117287,PRUCALOPRIDE,0.4908,-3.8834,novel
1585,CHEMBL254468,FLUCICLOVINE F18,0.4908,-3.8838,novel
1586,CHEMBL3304485,TENAPANOR,0.4906,-3.8866,novel
1587,CHEMBL891,CLOXACILLIN,0.4901,-3.8924,novel
1588,CHEMBL880,FAMCICLOVIR,0.49,-3.8949,novel
1589,CHEMBL1141,POTASSIUM IODIDE,0.4898,-3.8972,novel
1590,CHEMBL5314650,TECHNETIUM TC-99M LABELED CARBON,0.4893,-3.9031,novel
1591,CHEMBL1201116,HETACILLIN,0.4886,-3.9122,novel
1592,CHEMBL1237072,DIRITHROMYCIN,0.4881,-3.9192,novel
1593,CHEMBL207538,BREXANOLONE,0.488,-3.9198,novel
1594,CHEMBL841,LOPERAMIDE,0.4879,-3.9214,novel
1595,CHEMBL592,LEVORPHANOL,0.4878,-3.9225,novel
1596,CHEMBL426559,LAROPIPRANT,0.4878,-3.9232,novel
1597,CHEMBL3989986,RAVULIZUMAB,0.4875,-3.9263,novel
1598,CHEMBL446,SULFAMETHAZINE,0.4874,-3.9282,novel
1599,CHEMBL1200814,ACETAZOLAMIDE SODIUM,0.4873,-3.929,novel
1600,CHEMBL1186579,METHYLNALTREXONE,0.4871,-3.9319,novel
1601,CHEMBL1167,SPECTINOMYCIN,0.4871,-3.932,novel
1602,CHEMBL1201201,METHAMPHETAMINE,0.487,-3.9335,novel
1603,CHEMBL1079,TIZANIDINE,0.4867,-3.9372,novel
1604,CHEMBL430,GEMIFLOXACIN,0.4867,-3.9374,novel
1605,CHEMBL643,PROMETHAZINE,0.4865,-3.9396,novel
1606,CHEMBL1316,CARPROFEN,0.4864,-3.9407,novel
1607,CHEMBL1201586,PALIVIZUMAB,0.4863,-3.942,novel
1608,CHEMBL702,PIPERACILLIN,0.4863,-3.9424,novel
1609,CHEMBL647,APRACLONIDINE,0.4863,-3.9424,novel
1610,CHEMBL561,LOMEFLOXACIN,0.4863,-3.9425,novel
1611,CHEMBL177,AMIKACIN,0.4863,-3.9428,novel
1612,CHEMBL1200820,PIPERACILLIN SODIUM,0.486,-3.9465,novel
1613,CHEMBL6068492,PROTHROMBIN,0.4859,-3.9467,novel
1614,CHEMBL2028850,ICATIBANT,0.4859,-3.947,novel
1615,CHEMBL277100,TEMAFLOXACIN,0.4859,-3.9471,novel
1616,CHEMBL1731,MEZLOCILLIN,0.4858,-3.9488,novel
1617,CHEMBL259972,MOFEZOLAC,0.4858,-3.9492,novel
1618,CHEMBL2108702,IMETELSTAT SODIUM,0.4857,-3.9505,novel
1619,CHEMBL1200764,METHACHOLINE CHLORIDE,0.4856,-3.9505,novel
1620,CHEMBL1200610,LORACARBEF,0.4856,-3.9514,novel
1621,CHEMBL826,ENOXACIN,0.4856,-3.9515,novel
1622,CHEMBL580,LORAZEPAM,0.4856,-3.9518,novel
1623,CHEMBL2105729,DABRAFENIB MESYLATE,0.4854,-3.9539,novel
1624,CHEMBL940,GABAPENTIN,0.4854,-3.9539,novel
1625,CHEMBL1583,BACAMPICILLIN,0.4853,-3.9549,novel
1626,CHEMBL1201195,CEFMETAZOLE,0.4853,-3.9549,novel
1627,CHEMBL5315119,UPADACITINIB HEMIHYDRATE,0.4849,-3.9596,novel
1628,CHEMBL1863514,ASPARAGINASE ERWINIA CHRYSANTHEMI,0.4848,-3.9611,novel
1629,CHEMBL1599,CEPHAPIRIN,0.4847,-3.9624,novel
1630,CHEMBL1359,ERTAPENEM,0.4847,-3.9632,novel
1631,CHEMBL1201554,ANTITHROMBIN ALFA,0.4847,-3.9632,novel
1632,CHEMBL2105741,TRAMETINIB DIMETHYL SULFOXIDE,0.4844,-3.9673,novel
1633,CHEMBL4297339,COPPER OXODOTREOTIDE CU-64,0.4842,-3.969,novel
1634,CHEMBL5,NALIDIXIC ACID,0.4842,-3.9695,novel
1635,CHEMBL428,TROVAFLOXACIN,0.4842,-3.9695,novel
1636,CHEMBL530,AMDINOCILLIN,0.4842,-3.9695,novel
1637,CHEMBL893,DICLOXACILLIN,0.4842,-3.9695,novel
1638,CHEMBL372795,STREPTOMYCIN,0.4842,-3.9695,novel
1639,CHEMBL186,CEFEPIME,0.4842,-3.9695,novel
1640,CHEMBL1537,AZLOCILLIN,0.4842,-3.9695,novel
1641,CHEMBL474579,CEFOTETAN,0.4842,-3.9695,novel
1642,CHEMBL501122,CEFTAROLINE FOSAMIL,0.4842,-3.9695,novel
1643,CHEMBL1201270,METHENAMINE,0.4842,-3.9695,novel
1644,CHEMBL1449,TICARCILLIN,0.4842,-3.9696,novel
1645,CHEMBL1201046,CEFORANIDE,0.4841,-3.9701,novel
1646,CHEMBL1293,BETA CAROTENE,0.4841,-3.9703,novel
1647,CHEMBL600,ACETYLCYSTEINE,0.484,-3.9718,novel
1648,CHEMBL528,CEFTIZOXIME,0.4839,-3.9728,novel
1649,CHEMBL700,SULFAPYRIDINE,0.4839,-3.9729,novel
1650,CHEMBL4297666,OMIDENEPAG ISOPROPYL,0.4838,-3.9741,novel
1651,CHEMBL1200823,IRON SUCROSE,0.4838,-3.9748,novel
1652,CHEMBL1201821,PALIFERMIN,0.4837,-3.9753,novel
1653,CHEMBL1200868,PHENYL AMINOSALICYLATE,0.4837,-3.9754,novel
1654,CHEMBL74632,MOXALACTAM,0.4837,-3.976,novel
1655,CHEMBL1605,CEFTIBUTEN,0.4837,-3.9761,novel
1656,CHEMBL1208,CINOXACIN,0.4836,-3.9766,novel
1657,CHEMBL575,METHICILLIN,0.4835,-3.9781,novel
1658,CHEMBL819,OXACILLIN,0.4833,-3.9808,novel
1659,CHEMBL1296,CEFOTIAM,0.4833,-3.981,novel
1660,CHEMBL6067481,COLISTIN,0.4833,-3.9815,novel
1661,CHEMBL850,SPARFLOXACIN,0.4832,-3.9817,novel
1662,CHEMBL3545068,COPANLISIB HYDROCHLORIDE,0.4832,-3.9823,novel
1663,CHEMBL268869,SULFAMETHOXYPYRIDAZINE,0.4831,-3.9832,novel
1664,CHEMBL2107797,NORGESTREL,0.4831,-3.9835,novel
1665,CHEMBL1201585,TRASTUZUMAB,0.4831,-3.9838,novel
1666,CHEMBL1201057,CILASTATIN SODIUM,0.483,-3.9843,novel
1667,CHEMBL962,EPOPROSTENOL SODIUM,0.4826,-3.9899,novel
1668,CHEMBL130,CHLORAMPHENICOL,0.4826,-3.9903,novel
1669,CHEMBL62193,SULFADIMETHOXINE,0.4826,-3.9903,novel
1670,CHEMBL57,NEVIRAPINE,0.4825,-3.9911,novel
1671,CHEMBL4297750,FARICIMAB,0.4824,-3.9927,novel
1672,CHEMBL1596,CARBENICILLIN INDANYL,0.4822,-3.9949,novel
1673,CHEMBL1834657,INFIGRATINIB PHOSPHATE,0.4822,-3.9952,novel
1674,CHEMBL2108931,CRISANTASPASE,0.4821,-3.996,novel
1675,CHEMBL378544,VINBLASTINE SULFATE,0.4821,-3.9963,novel
1676,CHEMBL1214,CARBENICILLIN,0.482,-3.9972,novel
1677,CHEMBL1200778,DEXRAZOXANE HYDROCHLORIDE,0.482,-3.9979,novel
1678,CHEMBL583,GREPAFLOXACIN,0.4818,-4.0001,novel
1679,CHEMBL3989974,CEFIDEROCOL,0.4817,-4.0014,novel
1680,CHEMBL1200606,MEXILETINE HYDROCHLORIDE,0.4816,-4.0028,novel
1681,CHEMBL2364632,SARECYCLINE,0.4813,-4.0062,novel
1682,CHEMBL1688530,ORITAVANCIN,0.4812,-4.0075,novel
1683,CHEMBL2108354,UBLITUXIMAB,0.481,-4.011,novel
1684,CHEMBL1201178,LISDEXAMFETAMINE DIMESYLATE,0.4809,-4.0125,novel
1685,CHEMBL1200498,ALATROFLOXACIN MESYLATE,0.4808,-4.0127,novel
1686,CHEMBL6068385,"INFLUENZA B VIRUS, INACTIVATED NEURAMINIDASE",0.4808,-4.0127,novel
1687,CHEMBL6068388,INFLUENZA B VIRUS HEMAGGLUTININ,0.4808,-4.0127,novel
1688,CHEMBL438,SULFAMERAZINE,0.4808,-4.0134,novel
1689,CHEMBL16073,PHENACETIN,0.4808,-4.0136,novel
1690,CHEMBL4297216,FEDRATINIB HYDROCHLORIDE,0.4807,-4.0144,novel
1691,CHEMBL1201204,CEFPIRAMIDE,0.4805,-4.0169,novel
1692,CHEMBL3989937,CAPMATINIB HYDROCHLORIDE,0.4805,-4.0176,novel
1693,CHEMBL118,CELECOXIB,0.4801,-4.022,novel
1694,CHEMBL443,SULFAMETHOXAZOLE,0.4801,-4.022,novel
1695,CHEMBL100116,PENTAZOCINE,0.4798,-4.0262,novel
1696,CHEMBL2103740,GADOXETATE DISODIUM,0.4798,-4.0262,novel
1697,CHEMBL885,EMTRICITABINE,0.4798,-4.0264,novel
1698,CHEMBL2105637,DELAFLOXACIN,0.4797,-4.0272,novel
1699,CHEMBL497,CLIOQUINOL,0.4796,-4.0291,novel
1700,CHEMBL1650559,PLAZOMICIN,0.4793,-4.032,novel
1701,CHEMBL5315068,DINUTUXIMAB BETA,0.4793,-4.0321,novel
1702,CHEMBL6068329,PEMETREXED DIPOTASSIUM,0.4793,-4.0323,novel
1703,CHEMBL76370,TEGASEROD,0.4793,-4.0326,novel
1704,CHEMBL1201224,CEFMENOXIME,0.4791,-4.0352,novel
1705,CHEMBL4297545,LUTETIUM OXODOTREOTIDE LU-177,0.4789,-4.0373,novel
1706,CHEMBL783,NATEGLINIDE,0.4789,-4.0381,novel
1707,CHEMBL1601,CEFONICID,0.4788,-4.0384,novel
1708,CHEMBL6067485,GENTAMICIN,0.4787,-4.0405,novel
1709,CHEMBL206253,NETUPITANT,0.4785,-4.0433,novel
1710,CHEMBL2103800,COLESTILAN CHLORIDE,0.4784,-4.0445,novel
1711,CHEMBL4298150,SIPONIMOD FUMARIC ACID,0.4783,-4.0454,novel
1712,CHEMBL1200539,CALCIUM CARBONATE,0.4782,-4.0463,novel
1713,CHEMBL549,CITALOPRAM,0.4782,-4.0464,novel
1714,CHEMBL2360464,PEMETREXED DISODIUM,0.4782,-4.0464,novel
1715,CHEMBL3301669,DALBAVANCIN,0.4782,-4.0467,novel
1716,CHEMBL573,NIACIN,0.4781,-4.0478,novel
1717,CHEMBL1735,INDINAVIR SULFATE,0.4778,-4.0522,novel
1718,CHEMBL1683544,ERIBULIN MESYLATE,0.4775,-4.0556,novel
1719,CHEMBL1201271,BUCLIZINE,0.4775,-4.056,novel
1720,CHEMBL1280,VERAPAMIL HYDROCHLORIDE,0.4774,-4.0568,novel
1721,CHEMBL1201625,CHOLESTYRAMINE,0.4766,-4.0676,novel
1722,CHEMBL502,DONEPEZIL,0.4763,-4.0715,novel
1723,CHEMBL6068328,ELTROMBOPAG CHOLINE,0.4762,-4.0731,novel
1724,CHEMBL6068369,"INFLUENZA A VIRUS, LIVE ATTENUATED",0.4759,-4.0761,novel
1725,CHEMBL5095420,TRIENTINE TETRAHYDROCHLORIDE,0.4756,-4.0797,novel
1726,CHEMBL161,CEFTRIAXONE,0.4756,-4.0804,novel
1727,CHEMBL110,BENZNIDAZOLE,0.4754,-4.0833,novel
1728,CHEMBL1689772,OMADACYCLINE,0.4751,-4.0864,novel
1729,CHEMBL1233,CARISOPRODOL,0.4751,-4.087,novel
1730,CHEMBL1443,NAFCILLIN,0.475,-4.0885,novel
1731,CHEMBL4297610,OLUTASIDENIB,0.4747,-4.0924,novel
1732,CHEMBL363392,MARALIXIBAT,0.4745,-4.0943,novel
1733,CHEMBL507674,CEFOPERAZONE,0.4745,-4.0945,novel
1734,CHEMBL1229517,VEMURAFENIB,0.4741,-4.1001,novel
1735,CHEMBL192,SILDENAFIL,0.474,-4.1013,novel
1736,CHEMBL1060,"SODIUM PHOSPHATE, DIBASIC, ANHYDROUS",0.474,-4.1016,novel
1737,CHEMBL716,QUETIAPINE,0.4739,-4.1016,novel
1738,CHEMBL1707,LOPERAMIDE HYDROCHLORIDE,0.4737,-4.1048,novel
1739,CHEMBL6068387,"INFLUENZA B VIRUS, LIVE ATTENUATED",0.4737,-4.1052,novel
1740,CHEMBL2103743,TOFACITINIB CITRATE,0.4737,-4.1053,novel
1741,CHEMBL1201245,BROMODIPHENHYDRAMINE,0.4734,-4.1084,novel
1742,CHEMBL3989857,MAGNESIUM SULFATE,0.4734,-4.1088,novel
1743,CHEMBL654,MIRTAZAPINE,0.4733,-4.1094,novel
1744,CHEMBL6068386,"INFLUENZA B VIRUS, SPLIT VIRION",0.4732,-4.1112,novel
1745,CHEMBL4594287,ENSIFENTRINE,0.4729,-4.1147,novel
1746,CHEMBL374731,TELBIVUDINE,0.4727,-4.1171,novel
1747,CHEMBL1200630,CYSTEINE HYDROCHLORIDE,0.4725,-4.1206,novel
1748,CHEMBL1572,NETILMICIN,0.4724,-4.122,novel
1749,CHEMBL1003,CLAVULANATE POTASSIUM,0.4723,-4.1235,novel
1750,CHEMBL3646221,VADADUSTAT,0.4722,-4.1248,novel
1751,CHEMBL16,PHENYTOIN,0.4719,-4.1284,novel
1752,CHEMBL1706,NAPHAZOLINE HYDROCHLORIDE,0.4718,-4.129,novel
1753,CHEMBL3544974,ASENAPINE MALEATE,0.4717,-4.1303,novel
1754,CHEMBL306700,VILOXAZINE,0.4717,-4.1309,novel
1755,CHEMBL897,PROBENECID,0.4717,-4.131,novel
1756,CHEMBL3833340,AZTREONAM LYSINE,0.4716,-4.1323,novel
1757,CHEMBL4802239,MOBOCERTINIB SUCCINATE,0.4713,-4.1352,novel
1758,CHEMBL1730,CEFOTAXIME,0.4713,-4.1356,novel
1759,CHEMBL1808388,BEXAGLIFLOZIN,0.4712,-4.1377,novel
1760,CHEMBL1201179,LAPATINIB DITOSYLATE,0.4707,-4.1431,novel
1761,CHEMBL6068363,"INFLUENZA A VIRUS, SPLIT VIRION",0.4707,-4.1432,novel
1762,CHEMBL6068431,BENZGALANTAMINE GLUCONATE,0.4707,-4.1439,novel
1763,CHEMBL4297223,MITAPIVAT SULFATE,0.4706,-4.1452,novel
1764,CHEMBL1235452,SULFUR,0.4705,-4.1456,novel
1765,CHEMBL457,GEMFIBROZIL,0.4697,-4.1567,novel
1766,CHEMBL4297575,NIRSEVIMAB,0.4696,-4.1584,novel
1767,CHEMBL4298167,FILGOTINIB MALEATE,0.4695,-4.1597,novel
1768,CHEMBL5095050,FINGOLIMOD LAURYL SULFATE,0.4694,-4.16,novel
1769,CHEMBL1256696,CARBETAPENTANE CITRATE,0.4692,-4.1627,novel
1770,CHEMBL729,LOPINAVIR,0.4691,-4.1638,novel
1771,CHEMBL4208954,AMIKACIN SULFATE,0.469,-4.165,novel
1772,CHEMBL4594411,"XENON XE-129, HYPERPOLARIZED",0.469,-4.1655,novel
1773,CHEMBL4594261,FLUOROESTRADIOL F-18,0.4688,-4.1685,novel
1774,CHEMBL2106643,MYCOPHENOLATE SODIUM,0.4687,-4.1699,novel
1775,CHEMBL3989555,MECLIZINE HYDROCHLORIDE,0.4686,-4.1708,novel
1776,CHEMBL1200671,NAFARELIN ACETATE,0.4686,-4.171,novel
1777,CHEMBL3545063,OSIMERTINIB MESYLATE,0.4686,-4.1711,novel
1778,CHEMBL2103877,EFINACONAZOLE,0.4686,-4.1712,novel
1779,CHEMBL141,LAMIVUDINE,0.4685,-4.1721,novel
1780,CHEMBL1644,CEFADROXIL,0.4685,-4.1726,novel
1781,CHEMBL3544971,DEXTROAMPHETAMINE SULFATE,0.4685,-4.1726,novel
1782,CHEMBL617,CEPHALOTHIN,0.4683,-4.1743,novel
1783,CHEMBL3989751,NEOMYCIN,0.4683,-4.1747,novel
1784,CHEMBL1349,VALACYCLOVIR,0.4683,-4.1751,novel
1785,CHEMBL6068379,"VACCINIA VIRUS, MODIFIED ENCODING EBOLA VIRUS GLYCOPROTEIN AND NUCLEOPROTEIN",0.4682,-4.1756,novel
1786,CHEMBL5315092,AUTOLOGOUS CULTURED CHONDROCYTES,0.4681,-4.1769,novel
1787,CHEMBL295124,BERBERINE,0.4681,-4.1773,novel
1788,CHEMBL1200887,TRIMETHOBENZAMIDE HYDROCHLORIDE,0.4679,-4.1801,novel
1789,CHEMBL2048484,CANAGLIFLOZIN ANHYDROUS,0.4678,-4.181,novel
1790,CHEMBL1200959,METHDILAZINE,0.4675,-4.1854,novel
1791,CHEMBL1010,CEFOTAXIME SODIUM,0.4674,-4.1856,novel
1792,CHEMBL6068377,INFLUENZA A VIRUS HEMAGGLUTININ,0.4672,-4.1883,novel
1793,CHEMBL1191,SULFAMETHIZOLE,0.467,-4.1907,novel
1794,CHEMBL4298064,BERDAZIMER SODIUM,0.467,-4.1911,novel
1795,CHEMBL1289,HALOPROGIN,0.467,-4.1914,novel
1796,CHEMBL3301574,TISAGENLECLEUCEL,0.4669,-4.1927,novel
1797,CHEMBL2109205,COAGULATION FACTOR IX RECOMBINANT HUMAN,0.4667,-4.195,novel
1798,CHEMBL71595,HYDROGEN PEROXIDE,0.4667,-4.1953,novel
1799,CHEMBL2109334,INEBILIZUMAB,0.4665,-4.1977,novel
1800,CHEMBL5315076,ALBUTREPENONACOG ALFA,0.4663,-4.2002,novel
1801,CHEMBL2146883,COBIMETINIB,0.4662,-4.2016,novel
1802,CHEMBL1200781,CITALOPRAM HYDROBROMIDE,0.4659,-4.2055,novel
1803,CHEMBL18116,TOLOXATONE,0.4659,-4.2057,novel
1804,CHEMBL1200961,BROMPHENIRAMINE MALEATE,0.4658,-4.2074,novel
1805,CHEMBL4802263,CILTACABTAGENE AUTOLEUCEL,0.4657,-4.2076,novel
1806,CHEMBL4594350,ADAGRASIB,0.4656,-4.2088,novel
1807,CHEMBL2024517,CARIPRAZINE HYDROCHLORIDE,0.4654,-4.2119,novel
1808,CHEMBL1701,MEPERIDINE HYDROCHLORIDE,0.4652,-4.2145,novel
1809,CHEMBL4297839,TIRZEPATIDE,0.465,-4.2169,novel
1810,CHEMBL41355,EZOGABINE,0.4649,-4.2183,novel
1811,CHEMBL1205,NELFINAVIR MESYLATE,0.4649,-4.219,novel
1812,CHEMBL1201127,DARUNAVIR ETHANOLATE,0.464,-4.2298,novel
1813,CHEMBL284348,DALFAMPRIDINE,0.464,-4.2298,novel
1814,CHEMBL1351,CARBOPLATIN,0.4639,-4.2313,novel
1815,CHEMBL142703,VILDAGLIPTIN,0.4639,-4.2318,novel
1816,CHEMBL1042,CHOLECALCIFEROL,0.4638,-4.2324,novel
1817,CHEMBL227875,PRETOMANID,0.4638,-4.2331,novel
1818,CHEMBL1628504,RILPIVIRINE HYDROCHLORIDE,0.4635,-4.236,novel
1819,CHEMBL5095475,PALOPEGTERIPARATIDE,0.4634,-4.2377,novel
1820,CHEMBL4297091,CODEINE SULFATE,0.4633,-4.2385,novel
1821,CHEMBL648,CYCLIZINE,0.4633,-4.2389,novel
1822,CHEMBL2364607,COBIMETINIB FUMARATE,0.4631,-4.2412,novel
1823,CHEMBL64,ISONIAZID,0.4629,-4.2438,novel
1824,CHEMBL571546,TIRBANIBULIN,0.4628,-4.2461,novel
1825,CHEMBL1201770,METHYLNALTREXONE BROMIDE,0.4624,-4.2504,novel
1826,CHEMBL661,ALPRAZOLAM,0.4623,-4.2521,novel
1827,CHEMBL4297403,MELPHALAN FLUFENAMIDE HYDROCHLORIDE,0.4622,-4.2533,novel
1828,CHEMBL382301,ATOSIBAN,0.4621,-4.2544,novel
1829,CHEMBL453,SULFISOXAZOLE,0.4621,-4.2547,novel
1830,CHEMBL898,DIFLUNISAL,0.462,-4.2553,novel
1831,CHEMBL1200800,CALCIUM ACETATE,0.4619,-4.2577,novel
1832,CHEMBL235668,TIPIRACIL,0.4618,-4.2581,novel
1833,CHEMBL1200776,CINACALCET HYDROCHLORIDE,0.4616,-4.2606,novel
1834,CHEMBL864,CARBINOXAMINE,0.4616,-4.2611,novel
1835,CHEMBL15870,INDOPROFEN,0.4616,-4.2612,novel
1836,CHEMBL515,CHLORAMBUCIL,0.4615,-4.2618,novel
1837,CHEMBL359744,DOXORUBICIN HYDROCHLORIDE,0.4612,-4.2664,novel
1838,CHEMBL1200873,PHENTOLAMINE MESYLATE,0.4612,-4.2664,novel
1839,CHEMBL2108334,EPTACOG ALFA (ACTIVATED),0.4611,-4.2676,novel
1840,CHEMBL667,ACETYLCHOLINE,0.4609,-4.2697,novel
1841,CHEMBL1200678,ATAZANAVIR SULFATE,0.4609,-4.2707,novel
1842,CHEMBL3707310,LOTILANER,0.4606,-4.2738,novel
1843,CHEMBL765,GUANETHIDINE,0.4604,-4.276,novel
1844,CHEMBL1515,METHIMAZOLE,0.4604,-4.2769,novel
1845,CHEMBL714,ALBUTEROL,0.4603,-4.2778,novel
1846,CHEMBL46,ONDANSETRON,0.4601,-4.2799,novel
1847,CHEMBL1697856,BUCETIN,0.4601,-4.281,novel
1848,CHEMBL1200798,TRAZODONE HYDROCHLORIDE,0.4598,-4.284,novel
1849,CHEMBL1393,SPIRONOLACTONE,0.4598,-4.2847,novel
1850,CHEMBL95889,BETAINE,0.4596,-4.2865,novel
1851,CHEMBL1200,BENOXINATE,0.4594,-4.2892,novel
1852,CHEMBL3137330,CABOTEGRAVIR SODIUM,0.4593,-4.2914,novel
1853,CHEMBL959,RIMANTADINE,0.4592,-4.2925,novel
1854,CHEMBL4297517,MAVACAMTEN,0.4589,-4.2954,novel
1855,CHEMBL174,AMPICILLIN,0.4589,-4.2958,novel
1856,CHEMBL1201561,PEGINTERFERON ALFA-2B,0.4589,-4.2964,novel
1857,CHEMBL1201516,PENTOSAN POLYSULFATE SODIUM,0.4589,-4.2965,novel
1858,CHEMBL1206690,PARECOXIB,0.4588,-4.2974,novel
1859,CHEMBL114,SAQUINAVIR,0.4588,-4.2978,novel
1860,CHEMBL58,MITOXANTRONE,0.4583,-4.3042,novel
1861,CHEMBL3707320,ALECTINIB HYDROCHLORIDE,0.4582,-4.3046,novel
1862,CHEMBL4594292,TEPOTINIB HYDROCHLORIDE,0.4582,-4.3046,novel
1863,CHEMBL1695,TIAGABINE HYDROCHLORIDE,0.4581,-4.3065,novel
1864,CHEMBL17157,TERFENADINE,0.4579,-4.3086,novel
1865,CHEMBL1175,DULOXETINE,0.4579,-4.3093,novel
1866,CHEMBL1201186,BISMUTH SUBCITRATE POTASSIUM,0.4578,-4.31,novel
1867,CHEMBL506247,TANNIC ACID,0.4577,-4.3108,novel
1868,CHEMBL4594598,EFTRENONACOG ALFA,0.4577,-4.3116,novel
1869,CHEMBL1429,DESMOPRESSIN,0.4577,-4.3117,novel
1870,CHEMBL139367,PERAMIVIR ANHYDROUS,0.4576,-4.3123,novel
1871,CHEMBL1237065,TRAMADOL HYDROCHLORIDE,0.4575,-4.3136,novel
1872,CHEMBL3989868,TUCATINIB,0.4575,-4.3144,novel
1873,CHEMBL3545368,PANOBINOSTAT LACTATE,0.4574,-4.3157,novel
1874,CHEMBL5314366,ESOMEPRAZOLE MAGNESIUM,0.4573,-4.3167,novel
1875,CHEMBL142635,NAFTOPIDIL,0.4568,-4.3226,novel
1876,CHEMBL296913,PARECOXIB SODIUM,0.4567,-4.3248,novel
1877,CHEMBL1201159,FENTANYL HYDROCHLORIDE,0.4567,-4.3248,novel
1878,CHEMBL2108875,TETANUS TOXOID,0.4566,-4.326,novel
1879,CHEMBL843,ROSIGLITAZONE MALEATE,0.4565,-4.3264,novel
1880,CHEMBL925,TYROSINE,0.4564,-4.3283,novel
1881,CHEMBL5315049,SITAGLIPTIN FUMARATE,0.4564,-4.3283,novel
1882,CHEMBL1200795,CLEMASTINE FUMARATE,0.4564,-4.3288,novel
1883,CHEMBL3590187,CLASCOTERONE,0.4563,-4.329,novel
1884,CHEMBL558,MEXILETINE,0.4563,-4.3298,novel
1885,CHEMBL1434,MINOCYCLINE,0.4563,-4.3299,novel
1886,CHEMBL2105712,AFATINIB DIMALEATE,0.4562,-4.3313,novel
1887,CHEMBL1090,VIDARABINE,0.4558,-4.3356,novel
1888,CHEMBL1120,BISMUTH SUBSALICYLATE,0.4557,-4.3377,novel
1889,CHEMBL4297534,GLASDEGIB MALEATE,0.4556,-4.338,novel
1890,CHEMBL1201666,LEPIRUDIN,0.4554,-4.3415,novel
1891,CHEMBL455,SULFACETAMIDE,0.4552,-4.3439,novel
1892,CHEMBL1200787,PHENOXYBENZAMINE HYDROCHLORIDE,0.4551,-4.3452,novel
1893,CHEMBL7568,QUINACRINE,0.4547,-4.3496,novel
1894,CHEMBL1451,TRIAMCINOLONE,0.4547,-4.3497,novel
1895,CHEMBL1201591,CORTICORELIN OVINE TRIFLUTATE,0.4542,-4.3566,novel
1896,CHEMBL3301598,FOSTEMSAVIR TROMETHAMINE,0.4542,-4.3571,novel
1897,CHEMBL218490,DORZOLAMIDE,0.4539,-4.3603,novel
1898,CHEMBL50588,EMETINE,0.4538,-4.3613,novel
1899,CHEMBL2107873,VONICOG ALFA,0.4538,-4.3614,novel
1900,CHEMBL53463,DOXORUBICIN,0.4535,-4.3658,novel
1901,CHEMBL829,METHYLPROMAZINE,0.4534,-4.3665,novel
1902,CHEMBL1341,METHOXYFLURANE,0.4534,-4.3671,novel
1903,CHEMBL3989867,BICTEGRAVIR SODIUM,0.4533,-4.368,novel
1904,CHEMBL1200492,NEFAZODONE HYDROCHLORIDE,0.4532,-4.3695,novel
1905,CHEMBL282042,SAQUINAVIR MESYLATE,0.453,-4.3724,novel
1906,CHEMBL404520,CHLORTETRACYCLINE,0.4529,-4.3729,novel
1907,CHEMBL256997,ATALUREN,0.4528,-4.3742,novel
1908,CHEMBL1200756,PYRIDOXINE HYDROCHLORIDE,0.4525,-4.3789,novel
1909,CHEMBL115,INDINAVIR ANHYDROUS,0.4524,-4.3797,novel
1910,CHEMBL6068360,"INFLUENZA A VIRUS, INACTIVATED WHOLE VIRION",0.4523,-4.3809,novel
1911,CHEMBL272427,TAURURSODIOL,0.4523,-4.3813,novel
1912,CHEMBL938,SARALASIN,0.452,-4.385,novel
1913,CHEMBL1435,CEFAZOLIN,0.452,-4.3852,novel
1914,CHEMBL6068384,"INFLUENZA B VIRUS, INACTIVATED HEMAGGLUTININ",0.4519,-4.3869,novel
1915,CHEMBL4650215,INAVOLISIB,0.4518,-4.3882,novel
1916,CHEMBL4250860,DANICOPAN,0.4515,-4.3916,novel
1917,CHEMBL420,GUANABENZ,0.4513,-4.3936,novel
1918,CHEMBL2111290,TESAMORELIN ACETATE,0.4512,-4.3952,novel
1919,CHEMBL2103827,DROXIDOPA,0.4509,-4.3989,novel
1920,CHEMBL1201174,SITAGLIPTIN PHOSPHATE,0.4509,-4.3993,novel
1921,CHEMBL1440,TETRACYCLINE,0.4509,-4.3995,novel
1922,CHEMBL299400,BUTORPHANOL TARTRATE,0.4509,-4.3996,novel
1923,CHEMBL1557,DOPAMINE HYDROCHLORIDE,0.4506,-4.4028,novel
1924,CHEMBL2107354,MIFAMURTIDE,0.4506,-4.4034,novel
1925,CHEMBL5095451,ETRANACOGENE DEZAPARVOVEC,0.4504,-4.4051,novel
1926,CHEMBL2108348,NONACOG BETA PEGOL,0.4504,-4.4059,novel
1927,CHEMBL6068334,SITAGLIPTIN HYDROCHLORIDE MONOHYDRATE,0.4501,-4.4094,novel
1928,CHEMBL6068478,LAZERTINIB MESYLATE,0.4498,-4.4139,novel
1929,CHEMBL13376,CLOMETACIN,0.4495,-4.4176,novel
1930,CHEMBL839,CARTEOLOL,0.4494,-4.4181,novel
1931,CHEMBL1294,QUINIDINE,0.4492,-4.4211,novel
1932,CHEMBL612,DEXTROAMPHETAMINE,0.4492,-4.4213,novel
1933,CHEMBL227529,ALOGLIPTIN BENZOATE,0.4492,-4.4217,novel
1934,CHEMBL146095,GLAFENINE,0.4491,-4.4223,novel
1935,CHEMBL58323,LACOSAMIDE,0.4491,-4.423,novel
1936,CHEMBL2107874,ROMOSOZUMAB,0.449,-4.424,novel
1937,CHEMBL1082,AMOXICILLIN,0.449,-4.4244,novel
1938,CHEMBL434,ISOPROTERENOL,0.4487,-4.4282,novel
1939,CHEMBL986,RETINOL,0.4486,-4.4287,novel
1940,CHEMBL3545432,IXAZOMIB CITRATE,0.4484,-4.4321,novel
1941,CHEMBL17,DICHLORPHENAMIDE,0.4483,-4.4322,novel
1942,CHEMBL1215,PHENYLEPHRINE,0.4483,-4.4326,novel
1943,CHEMBL1615372,LURASIDONE HYDROCHLORIDE,0.4483,-4.4328,novel
1944,CHEMBL3989402,PERAMIVIR,0.4482,-4.4339,novel
1945,CHEMBL1201237,LEVOBUNOLOL,0.4481,-4.4353,novel
1946,CHEMBL1558,PRAZOSIN HYDROCHLORIDE,0.448,-4.4367,novel
1947,CHEMBL1201471,HYDROXYPROPYL CELLULOSE,0.4479,-4.4373,novel
1948,CHEMBL1363,ARFORMOTEROL,0.4478,-4.4392,novel
1949,CHEMBL1200406,DIMENHYDRINATE,0.4473,-4.4453,novel
1950,CHEMBL1201743,SAXAGLIPTIN HYDROCHLORIDE,0.4473,-4.446,novel
1951,CHEMBL1200986,HALOPERIDOL DECANOATE,0.447,-4.449,novel
1952,CHEMBL1214124,PERAMPANEL,0.447,-4.4494,novel
1953,CHEMBL1286,LEVETIRACETAM,0.4469,-4.4506,novel
1954,CHEMBL55,PENTAMIDINE,0.4467,-4.4539,novel
1955,CHEMBL6068362,"INFLUENZA A VIRUS, INACTIVATED NEURAMINIDASE",0.4463,-4.4585,novel
1956,CHEMBL1200710,CLOMIPRAMINE HYDROCHLORIDE,0.4463,-4.459,novel
1957,CHEMBL3707358,OLIPUDASE ALFA,0.4462,-4.4598,novel
1958,CHEMBL564085,TROLEANDOMYCIN,0.4462,-4.4602,novel
1959,CHEMBL1481,GLIMEPIRIDE,0.4461,-4.4613,novel
1960,CHEMBL481,IRINOTECAN,0.4461,-4.4616,novel
1961,CHEMBL1201213,ISOETHARINE,0.4457,-4.4667,novel
1962,CHEMBL451,CHLORDIAZEPOXIDE,0.4455,-4.4693,novel
1963,CHEMBL4298200,LIFILEUCEL,0.4448,-4.4774,novel
1964,CHEMBL1737,SILDENAFIL CITRATE,0.4447,-4.4796,novel
1965,CHEMBL289469,GRANISETRON,0.4446,-4.4807,novel
1966,CHEMBL1201287,DEXBROMPHENIRAMINE,0.4444,-4.4828,novel
1967,CHEMBL1561,MIGLITOL,0.4444,-4.4835,novel
1968,CHEMBL5315123,DIFELIKEFALIN ACETATE,0.4443,-4.4846,novel
1969,CHEMBL750,ZONISAMIDE,0.4439,-4.4897,novel
1970,CHEMBL1590,PSEUDOEPHEDRINE,0.4435,-4.4947,novel
1971,CHEMBL6068500,"FECAL MICROBIOTA SPORES, LIVE",0.4433,-4.4975,novel
1972,CHEMBL3233142,LUMATEPERONE TOSYLATE,0.4432,-4.4991,novel
1973,CHEMBL1201294,DIPHENOXYLATE,0.443,-4.5012,novel
1974,CHEMBL485696,SULFISOMIDINE,0.4429,-4.503,novel
1975,CHEMBL44354,CEFTAZIDIME,0.4428,-4.5037,novel
1976,CHEMBL593,DELAVIRDINE,0.4428,-4.5039,novel
1977,CHEMBL2048028,LIFITEGRAST,0.4421,-4.5131,novel
1978,CHEMBL807,MEMANTINE,0.4417,-4.5181,novel
1979,CHEMBL3989928,REZAFUNGIN ACETATE,0.4415,-4.5204,novel
1980,CHEMBL2110372,RANITIDINE HYDROCHLORIDE,0.4415,-4.5205,novel
1981,CHEMBL152,CIDOFOVIR ANHYDROUS,0.4413,-4.5237,novel
1982,CHEMBL2108597,FERRIC CARBOXYMALTOSE,0.4412,-4.5244,novel
1983,CHEMBL6068361,"INFLUENZA A VIRUS, INACTIVATED HEMAGGLUTININ",0.4412,-4.5247,novel
1984,CHEMBL2103870,LUMACAFTOR,0.4411,-4.5254,novel
1985,CHEMBL1401,NITAZOXANIDE,0.4408,-4.5299,novel
1986,CHEMBL4297101,CEFTOBIPROLE MEDOCARIL SODIUM,0.4406,-4.5327,novel
1987,CHEMBL3137317,SONIDEGIB PHOSPHATE,0.4402,-4.5375,novel
1988,CHEMBL4298184,MAFTIVIMAB,0.4401,-4.5387,novel
1989,CHEMBL1200675,TOREMIFENE CITRATE,0.44,-4.5397,novel
1990,CHEMBL689,MANNITOL,0.4398,-4.5427,novel
1991,CHEMBL1237055,HYDROMORPHONE HYDROCHLORIDE,0.4398,-4.5432,novel
1992,CHEMBL5095440,OBECABTAGENE AUTOLEUCEL,0.4392,-4.5508,novel
1993,CHEMBL1200596,CHLOROXINE,0.4389,-4.5538,novel
1994,CHEMBL1517,OXYTETRACYCLINE,0.4388,-4.556,novel
1995,CHEMBL1282,IMIQUIMOD,0.4386,-4.5584,novel
1996,CHEMBL5314649,RITLECITINIB TOSYLATE,0.4385,-4.5589,novel
1997,CHEMBL38,TRETINOIN,0.4384,-4.5609,novel
1998,CHEMBL2105749,SAMIDORPHAN L-MALATE,0.4383,-4.5617,novel
1999,CHEMBL84,TOPOTECAN,0.4383,-4.5624,novel
2000,CHEMBL980,GUAIFENESIN,0.438,-4.5662,novel
2001,CHEMBL110458,MIGALASTAT,0.438,-4.5664,novel
2002,CHEMBL1200420,MIDAZOLAM HYDROCHLORIDE,0.4379,-4.5674,novel
2003,CHEMBL1411979,METHAPYRILENE,0.4376,-4.5704,novel
2004,CHEMBL856,PRIMIDONE,0.4375,-4.572,novel
2005,CHEMBL1773,CAPECITABINE,0.4374,-4.573,novel
2006,CHEMBL5315054,ERTUGLIFLOZIN PIDOLATE,0.4374,-4.573,novel
2007,CHEMBL1213351,PROPOXYPHENE,0.4368,-4.5808,novel
2008,CHEMBL1201632,IMIGLUCERASE,0.4368,-4.581,novel
2009,CHEMBL1366,AURANOFIN,0.4367,-4.5829,novel
2010,CHEMBL1256786,FORMOTEROL,0.4364,-4.587,novel
2011,CHEMBL4298188,ODESIVIMAB,0.4363,-4.588,novel
2012,CHEMBL3989871,AVACOPAN,0.4361,-4.5905,novel
2013,CHEMBL1201216,DAPIPRAZOLE,0.436,-4.5912,novel
2014,CHEMBL1743062,RAMUCIRUMAB,0.4359,-4.5927,novel
2015,CHEMBL1200976,IDARUBICIN HYDROCHLORIDE,0.4358,-4.594,novel
2016,CHEMBL1201441,COLISTIMETHATE SODIUM,0.4358,-4.5945,novel
2017,CHEMBL3989691,ELTROMBOPAG OLAMINE,0.4357,-4.5956,novel
2018,CHEMBL1544,LIOTHYRONINE,0.4356,-4.5963,novel
2019,CHEMBL127,MEROPENEM,0.4356,-4.5969,novel
2020,CHEMBL2108727,TALIMOGENE LAHERPAREPVEC,0.4356,-4.5974,novel
2021,CHEMBL316561,PROGLUMIDE,0.4354,-4.5999,novel
2022,CHEMBL255044,FLUPIRTINE,0.4353,-4.6012,novel
2023,CHEMBL697,METHSUXIMIDE,0.4346,-4.6097,novel
2024,CHEMBL3291398,LEFAMULIN,0.4345,-4.6105,novel
2025,CHEMBL3039507,SOTAGLIFLOZIN,0.4344,-4.6122,novel
2026,CHEMBL1095,ETHOTOIN,0.4343,-4.6133,novel
2027,CHEMBL3184791,STREPTOMYCIN SULFATE,0.4343,-4.6138,novel
2028,CHEMBL1201063,PROPAFENONE HYDROCHLORIDE,0.434,-4.6179,novel
2029,CHEMBL4297064,MILNACIPRAN HYDROCHLORIDE,0.4339,-4.6183,novel
2030,CHEMBL3989519,DOXAPRAM HYDROCHLORIDE,0.4339,-4.6191,novel
2031,CHEMBL642,ACEBUTOLOL,0.4338,-4.6196,novel
2032,CHEMBL2103854,OMADACYCLINE TOSYLATE,0.4336,-4.6228,novel
2033,CHEMBL2109121,DIPHTHERIA TOXOID,0.4335,-4.6239,novel
2034,CHEMBL435,HYDROCHLOROTHIAZIDE,0.433,-4.6304,novel
2035,CHEMBL808,ECONAZOLE,0.4328,-4.633,novel
2036,CHEMBL3183075,NIZATIDINE,0.4327,-4.6349,novel
2037,CHEMBL2108594,EPTOTERMIN ALFA,0.4325,-4.6364,novel
2038,CHEMBL1073,GLIPIZIDE,0.4325,-4.6371,novel
2039,CHEMBL4297879,.ALPHA.1-PROTEINASE INHIBITOR HUMAN,0.4321,-4.6415,novel
2040,CHEMBL2108078,PARATHYROID HORMONE,0.432,-4.6428,novel
2041,CHEMBL3989869,UMBRALISIB TOSYLATE,0.432,-4.6438,novel
2042,CHEMBL853,ZALCITABINE,0.4319,-4.6446,novel
2043,CHEMBL473,DOFETILIDE,0.4316,-4.6478,novel
2044,CHEMBL776,METAPROTERENOL,0.4314,-4.6504,novel
2045,CHEMBL1201262,DIPIVEFRIN,0.4314,-4.6512,novel
2046,CHEMBL116,AMPRENAVIR,0.4314,-4.6517,novel
2047,CHEMBL3989766,ORITAVANCIN DIPHOSPHATE,0.4312,-4.6538,novel
2048,CHEMBL1201010,FLUDROCORTISONE ACETATE,0.431,-4.6568,novel
2049,CHEMBL1291,METIPRANOLOL,0.4309,-4.6579,novel
2050,CHEMBL3301650,DALBAVANCIN HYDROCHLORIDE,0.4307,-4.6603,novel
2051,CHEMBL491571,DORIPENEM,0.4304,-4.6635,novel
2052,CHEMBL17879,MARALIXIBAT CHLORIDE,0.4304,-4.6636,novel
2053,CHEMBL4298187,FERRIC DERISOMALTOSE,0.4303,-4.6651,novel
2054,CHEMBL1509,DROSPIRENONE,0.4303,-4.6659,novel
2055,CHEMBL1200718,MAGNESIUM HYDROXIDE,0.4302,-4.6662,novel
2056,CHEMBL1071,OXAPROZIN,0.4301,-4.6677,novel
2057,CHEMBL657,DIPHENHYDRAMINE,0.4301,-4.6683,novel
2058,CHEMBL1373,MODAFINIL,0.4299,-4.6707,novel
2059,CHEMBL1055,CHLORTHALIDONE,0.4296,-4.674,novel
2060,CHEMBL5315077,TILMANOCEPT,0.4294,-4.6767,novel
2061,CHEMBL1442422,DIBENZEPIN,0.4294,-4.6775,novel
2062,CHEMBL605846,OLODATEROL,0.4293,-4.6776,novel
2063,CHEMBL1562610,MECLOFENAMATE SODIUM,0.4291,-4.6809,novel
2064,CHEMBL3707330,ROLAPITANT HYDROCHLORIDE,0.429,-4.6815,novel
2065,CHEMBL1200862,METYROSINE,0.4284,-4.6896,novel
2066,CHEMBL4298110,FERRIC MALTOL,0.4284,-4.6898,novel
2067,CHEMBL1201497,INSULIN GLARGINE,0.4284,-4.6898,novel
2068,CHEMBL1118,DESVENLAFAXINE,0.4281,-4.6938,novel
2069,CHEMBL1604,CEPHRADINE,0.428,-4.6948,novel
2070,CHEMBL3989826,OXYCODONE TEREPHTHALATE,0.4277,-4.6982,novel
2071,CHEMBL6,INDOMETHACIN,0.4276,-4.6996,novel
2072,CHEMBL895,NALBUPHINE,0.4275,-4.701,novel
2073,CHEMBL2338329,ROXADUSTAT,0.4275,-4.702,novel
2074,CHEMBL3137318,TALAZOPARIB TOSYLATE,0.4273,-4.7037,novel
2075,CHEMBL2062266,DIHYDROCODEINE BITARTRATE,0.4273,-4.7041,novel
2076,CHEMBL572,NITROFURANTOIN,0.4273,-4.7042,novel
2077,CHEMBL788,IDOXURIDINE,0.4272,-4.705,novel
2078,CHEMBL2107816,RADIUM RA 223 DICHLORIDE,0.4272,-4.7053,novel
2079,CHEMBL2028663,DABRAFENIB,0.4271,-4.7066,novel
2080,CHEMBL533,IBUTILIDE,0.4271,-4.707,novel
2081,CHEMBL1201735,BUPROPION HYDROBROMIDE,0.4269,-4.7088,novel
2082,CHEMBL159226,MOXISYLYTE,0.4269,-4.7095,novel
2083,CHEMBL2096660,SAMARIUM SM 153 LEXIDRONAM PENTASODIUM,0.4267,-4.712,novel
2084,CHEMBL1200879,WARFARIN SODIUM,0.4266,-4.7135,novel
2085,CHEMBL3188993,QUETIAPINE FUMARATE,0.4265,-4.7148,novel
2086,CHEMBL1200758,AMPICILLIN SODIUM,0.4264,-4.7154,novel
2087,CHEMBL3989716,PROPOXYPHENE NAPSYLATE,0.4263,-4.7168,novel
2088,CHEMBL20,ACETAZOLAMIDE,0.4261,-4.719,novel
2089,CHEMBL1237104,PROPOXYPHENE HYDROCHLORIDE,0.4259,-4.7224,novel
2090,CHEMBL861,MEPHENYTOIN,0.4257,-4.7245,novel
2091,CHEMBL2111286,RANITIDINE BISMUTH CITRATE,0.4257,-4.7247,novel
2092,CHEMBL1201177,LEVOBUNOLOL HYDROCHLORIDE,0.4257,-4.7249,novel
2093,CHEMBL2364609,ESKETAMINE HYDROCHLORIDE,0.4255,-4.7272,novel
2094,CHEMBL1027,TIAGABINE,0.4254,-4.7281,novel
2095,CHEMBL651,METHADONE,0.4254,-4.7284,novel
2096,CHEMBL3188034,TRIPROLIDINE HYDROCHLORIDE,0.4253,-4.7292,novel
2097,CHEMBL622,ETODOLAC,0.4253,-4.7304,novel
2098,CHEMBL1951095,ERAVACYCLINE,0.425,-4.734,novel
2099,CHEMBL655,MIDAZOLAM,0.4248,-4.7364,novel
2100,CHEMBL1201149,NALTREXONE HYDROCHLORIDE,0.4248,-4.7367,novel
2101,CHEMBL1201341,ECHOTHIOPHATE,0.4246,-4.7383,novel
2102,CHEMBL1200734,FOSAMPRENAVIR CALCIUM,0.4246,-4.7389,novel
2103,CHEMBL2103837,TAFAMIDIS,0.4244,-4.7411,novel
2104,CHEMBL3989949,CENOBAMATE,0.4244,-4.7412,novel
2105,CHEMBL1788385,TILBROQUINOL,0.4243,-4.7422,novel
2106,CHEMBL1201191,LEVOCETIRIZINE,0.4243,-4.7432,novel
2107,CHEMBL3989921,NERATINIB MALEATE,0.4242,-4.7445,novel
2108,CHEMBL5315078,EPTACOG BETA (ACTIVATED),0.4241,-4.7448,novel
2109,CHEMBL1201168,ISOCARBOXAZID,0.4238,-4.7491,novel
2110,CHEMBL1650818,AMDINOCILLIN PIVOXIL,0.4237,-4.7504,novel
2111,CHEMBL2146124,CEFUROXIME SODIUM,0.4236,-4.752,novel
2112,CHEMBL1201229,DEMECARIUM,0.4231,-4.7586,novel
2113,CHEMBL3989677,HYDROCODONE BITARTRATE,0.423,-4.7594,novel
2114,CHEMBL1643,RIBAVIRIN,0.4229,-4.7602,novel
2115,CHEMBL812,PYRIDOSTIGMINE BROMIDE,0.4226,-4.7645,novel
2116,CHEMBL599,MELOXICAM,0.4226,-4.7649,novel
2117,CHEMBL904,DEXMETHYLPHENIDATE HYDROCHLORIDE,0.4225,-4.7664,novel
2118,CHEMBL3989510,PENTAZOCINE HYDROCHLORIDE,0.4224,-4.767,novel
2119,CHEMBL1200395,ORPHENADRINE CITRATE,0.4223,-4.7691,novel
2120,CHEMBL4594382,DEURUXOLITINIB PHOSPHATE,0.4215,-4.7785,novel
2121,CHEMBL29,PENICILLIN G,0.4215,-4.779,novel
2122,CHEMBL4298183,ATOLTIVIMAB,0.4213,-4.7818,novel
2123,CHEMBL1200885,ALOSETRON HYDROCHLORIDE,0.4212,-4.7827,novel
2124,CHEMBL1201785,HEXAMINOLEVULINATE HYDROCHLORIDE,0.4211,-4.7834,novel
2125,CHEMBL3989803,DIPYRONE,0.4209,-4.7866,novel
2126,CHEMBL607400,BRIVARACETAM,0.4209,-4.787,novel
2127,CHEMBL1384,KANAMYCIN,0.4209,-4.7872,novel
2128,CHEMBL256907,MARAVIROC,0.4208,-4.7879,novel
2129,CHEMBL3137312,DASABUVIR,0.4206,-4.7899,novel
2130,CHEMBL1685,DEZOCINE,0.4206,-4.7907,novel
2131,CHEMBL72,DESIPRAMINE,0.4205,-4.792,novel
2132,CHEMBL1201132,NALBUPHINE HYDROCHLORIDE,0.4204,-4.793,novel
2133,CHEMBL1592101,BISMUTH SUBGALLATE,0.4203,-4.7944,novel
2134,CHEMBL28318,PROPYPHENAZONE,0.4202,-4.7955,novel
2135,CHEMBL2108278,ETEPLIRSEN,0.4202,-4.7958,novel
2136,CHEMBL1200329,TIZANIDINE HYDROCHLORIDE,0.4201,-4.7964,novel
2137,CHEMBL48449,CANTHARIDIN,0.42,-4.7978,novel
2138,CHEMBL1760,TERBUTALINE,0.42,-4.7979,novel
2139,CHEMBL4594345,PEGULICIANINE ACETATE,0.42,-4.798,novel
2140,CHEMBL888,GEMCITABINE,0.4198,-4.8013,novel
2141,CHEMBL4297852,CENEGERMIN,0.4193,-4.8074,novel
2142,CHEMBL1200925,"POTASSIUM PHOSPHATE, MONOBASIC",0.4193,-4.8074,novel
2143,CHEMBL201960,PYROVALERONE,0.4193,-4.8076,novel
2144,CHEMBL1368,"SODIUM PHOSPHATE, MONOBASIC",0.4193,-4.8078,novel
2145,CHEMBL1200731,POTASSIUM CHLORIDE,0.4191,-4.8101,novel
2146,CHEMBL827,DEXMETHYLPHENIDATE,0.419,-4.8116,novel
2147,CHEMBL4303288,ABACAVIR SULFATE,0.4188,-4.8143,novel
2148,CHEMBL3348923,TOVORAFENIB,0.4187,-4.8147,novel
2149,CHEMBL5315117,ZANAMIVIR HYDRATE,0.4187,-4.8155,novel
2150,CHEMBL1256958,EPINEPHRINE BITARTRATE,0.4184,-4.8186,novel
2151,CHEMBL2146140,ESOMEPRAZOLE STRONTIUM,0.4177,-4.8286,novel
2152,CHEMBL423,BETAXOLOL,0.4171,-4.836,novel
2153,CHEMBL585,TRIAMTERENE,0.4168,-4.8401,novel
2154,CHEMBL1200791,OXYMETAZOLINE HYDROCHLORIDE,0.4163,-4.8461,novel
2155,CHEMBL3989515,PENICILLIN G BENZATHINE,0.4162,-4.8478,novel
2156,CHEMBL981,FENOFIBRIC ACID,0.4161,-4.8485,novel
2157,CHEMBL527,PIROXICAM,0.4161,-4.8492,novel
2158,CHEMBL2108282,CATRIDECACOG,0.4159,-4.8516,novel
2159,CHEMBL437,SULFATHIAZOLE,0.4157,-4.8543,novel
2160,CHEMBL252556,IDEBENONE,0.4152,-4.8608,novel
2161,CHEMBL569713,SCOPOLAMINE,0.4151,-4.8617,novel
2162,CHEMBL4594511,VUTRISIRAN,0.415,-4.8629,novel
2163,CHEMBL1097279,CANGRELOR TETRASODIUM,0.4148,-4.8652,novel
2164,CHEMBL17860,LOFEXIDINE,0.4148,-4.8655,novel
2165,CHEMBL1697,DILTIAZEM HYDROCHLORIDE,0.4147,-4.8663,novel
2166,CHEMBL1213250,CEFTOLOZANE SULFATE,0.4146,-4.868,novel
2167,CHEMBL37744,ZIMELDINE,0.4146,-4.8682,novel
2168,CHEMBL1908377,PYRVINIUM PAMOATE,0.4144,-4.871,novel
2169,CHEMBL3989833,ZIPRASIDONE MESYLATE,0.4141,-4.8743,novel
2170,CHEMBL3301680,TELAVANCIN HYDROCHLORIDE,0.4138,-4.8778,novel
2171,CHEMBL1595,DIHYDROCODEINE,0.4137,-4.8793,novel
2172,CHEMBL1718,NALOXONE HYDROCHLORIDE,0.4136,-4.8811,novel
2173,CHEMBL2104391,INSULIN DETEMIR,0.4135,-4.8827,novel
2174,CHEMBL1057,FLUORESCEIN,0.4134,-4.8837,novel
2175,CHEMBL6067980,SUCRALFATE,0.4133,-4.8842,novel
2176,CHEMBL6068499,NEISSERIA MENINGITIDIS FACTOR H BINDING PROTEIN,0.4131,-4.8879,novel
2177,CHEMBL3989844,DEXTROAMPHETAMINE SACCHARATE,0.413,-4.8887,novel
2178,CHEMBL3989698,TRANYLCYPROMINE SULFATE,0.4129,-4.8903,novel
2179,CHEMBL1201155,LOXAPINE SUCCINATE,0.4127,-4.8927,novel
2180,CHEMBL1715,PIOGLITAZONE HYDROCHLORIDE,0.4126,-4.8937,novel
2181,CHEMBL316157,CEPHALORIDINE,0.4124,-4.8966,novel
2182,CHEMBL607,MEPERIDINE,0.4123,-4.897,novel
2183,CHEMBL1607,TOPOTECAN HYDROCHLORIDE,0.4122,-4.8988,novel
2184,CHEMBL1200419,MOLINDONE HYDROCHLORIDE,0.4118,-4.904,novel
2185,CHEMBL4297147,HALOPERIDOL LACTATE,0.4118,-4.904,novel
2186,CHEMBL32800,FENOTEROL,0.4115,-4.9085,novel
2187,CHEMBL4303525,OMAVELOXOLONE,0.4111,-4.9132,novel
2188,CHEMBL2105755,NALDEMEDINE,0.4111,-4.9134,novel
2189,CHEMBL6068496,RESPIRATORY SYNCYTIAL VIRUS PRE-FUSION GLYCOPROTEIN F MRNA,0.4111,-4.9136,novel
2190,CHEMBL1034,DICLOFENAC SODIUM,0.4109,-4.9162,novel
2191,CHEMBL3990008,TABELECLEUCEL,0.4107,-4.9184,novel
2192,CHEMBL1200457,GADOVERSETAMIDE,0.4102,-4.9252,novel
2193,CHEMBL2096651,MANGAFODIPIR TRISODIUM,0.4102,-4.9252,novel
2194,CHEMBL4297634,GADOPICLENOL,0.4102,-4.9252,novel
2195,CHEMBL1201557,INTERFERON ALFACON-1,0.4102,-4.9254,novel
2196,CHEMBL5314727,BEVACIZUMAB GAMMA,0.4099,-4.9284,novel
2197,CHEMBL1201189,AMMONIA N 13,0.4099,-4.929,novel
2198,CHEMBL1538,TENOFOVIR DISOPROXIL,0.4096,-4.9324,novel
2199,CHEMBL4802254,AFAMITRESGENE AUTOLEUCEL,0.4092,-4.938,novel
2200,CHEMBL1029,MIGLUSTAT,0.4086,-4.946,novel
2201,CHEMBL53418,DANTHRON,0.4082,-4.9501,novel
2202,CHEMBL550495,METHYLENE BLUE,0.4082,-4.9501,novel
2203,CHEMBL1290,PENBUTOLOL,0.4082,-4.9501,novel
2204,CHEMBL30,CIMETIDINE,0.4079,-4.9546,novel
2205,CHEMBL1095777,INDACATEROL,0.4079,-4.9551,novel
2206,CHEMBL975,MESNA,0.4078,-4.956,novel
2207,CHEMBL673,PARGYLINE,0.4077,-4.9566,novel
2208,CHEMBL4594581,INSULIN ICODEC,0.4074,-4.9606,novel
2209,CHEMBL1201776,TAPENTADOL,0.4072,-4.9634,novel
2210,CHEMBL1628227,DOXEPIN,0.4071,-4.9653,novel
2211,CHEMBL86304,MOCLOBEMIDE,0.4069,-4.9677,novel
2212,CHEMBL4297211,CEFIDEROCOL SULFATE TOSYLATE,0.4068,-4.9687,novel
2213,CHEMBL1200929,ZINC SULFATE,0.4067,-4.9704,novel
2214,CHEMBL1501,FLUOCINONIDE,0.4065,-4.9724,novel
2215,CHEMBL1159,PINACIDIL ANHYDROUS,0.4059,-4.9805,novel
2216,CHEMBL1219,RABEPRAZOLE,0.4056,-4.9838,novel
2217,CHEMBL1536,ERGOCALCIFEROL,0.4055,-4.9853,novel
2218,CHEMBL1261,CITRIC ACID,0.4052,-4.989,novel
2219,CHEMBL1200613,TOLMETIN SODIUM,0.4052,-4.9891,novel
2220,CHEMBL668,PROTRIPTYLINE,0.405,-4.9924,novel
2221,CHEMBL198362,RIVAROXABAN,0.4049,-4.9933,novel
2222,CHEMBL842,CHLOROTHIAZIDE,0.4047,-4.9952,novel
2223,CHEMBL149972,PHENOBARBITAL SODIUM,0.4046,-4.9973,novel
2224,CHEMBL3185958,CLOMIPHENE CITRATE,0.4045,-4.9978,novel
2225,CHEMBL535396,RIMANTADINE HYDROCHLORIDE,0.4045,-4.9978,novel
2226,CHEMBL3544914,TEZACAFTOR,0.4045,-4.999,novel
2227,CHEMBL1006,AMIFOSTINE,0.4043,-5.0008,novel
2228,CHEMBL1200530,CEFOXITIN SODIUM,0.4041,-5.0033,novel
2229,CHEMBL3707306,STRONTIUM RANELATE,0.4041,-5.0037,novel
2230,CHEMBL652,FLECAINIDE,0.4041,-5.0041,novel
2231,CHEMBL278020,NEOSTIGMINE,0.404,-5.005,novel
2232,CHEMBL4298062,VILTOLARSEN,0.4036,-5.0094,novel
2233,CHEMBL231779,APIXABAN,0.4036,-5.0097,novel
2234,CHEMBL1237135,MAPROTILINE HYDROCHLORIDE,0.4035,-5.0112,novel
2235,CHEMBL2105700,BEDAQUILINE FUMARATE,0.4035,-5.0113,novel
2236,CHEMBL2079130,VONOPRAZAN,0.4035,-5.0118,novel
2237,CHEMBL373742,VASOPRESSIN,0.4033,-5.0142,novel
2238,CHEMBL46917,CARBARIL,0.4031,-5.0167,novel
2239,CHEMBL1661,LACTITOL,0.4031,-5.0168,novel
2240,CHEMBL1697768,SODIUM PICOSULFATE,0.4031,-5.0168,novel
2241,CHEMBL2105748,PRUCALOPRIDE SUCCINATE,0.4031,-5.0168,novel
2242,CHEMBL2219418,NALOXEGOL,0.4031,-5.0168,novel
2243,CHEMBL1200479,DICYCLOMINE HYDROCHLORIDE,0.4028,-5.0203,novel
2244,CHEMBL1200588,CLINDAMYCIN HYDROCHLORIDE,0.4026,-5.0225,novel
2245,CHEMBL2103738,LITHIUM CITRATE,0.4024,-5.0253,novel
2246,CHEMBL2108106,TOCOFERSOLAN,0.4024,-5.0255,novel
2247,CHEMBL495,ALPROSTADIL,0.4021,-5.0293,novel
2248,CHEMBL3707313,TRIFAROTENE,0.402,-5.03,novel
2249,CHEMBL3989695,REGADENOSON,0.4017,-5.034,novel
2250,CHEMBL43708,IMIPENEM,0.4013,-5.0398,novel
2251,CHEMBL1201421,PEGAPTANIB SODIUM,0.4012,-5.0405,novel
2252,CHEMBL404271,ACARBOSE,0.4009,-5.0453,novel
2253,CHEMBL6067972,VARENICLINE TARTRATE,0.4009,-5.0454,novel
2254,CHEMBL5095303,VUTRISIRAN SODIUM,0.4007,-5.0478,novel
2255,CHEMBL796,METHYLPHENIDATE,0.4006,-5.049,novel
2256,CHEMBL1563,DAUNORUBICIN HYDROCHLORIDE,0.4006,-5.0493,novel
2257,CHEMBL4594448,IPTACOPAN,0.4004,-5.0514,novel
2258,CHEMBL1945778,IOFLUPANE,0.4003,-5.0523,novel
2259,CHEMBL290106,BITHIONOL,0.4,-5.0565,novel
2260,CHEMBL1908362,GADOFOSVESET TRISODIUM,0.3999,-5.0583,novel
2261,CHEMBL2104910,SULFADICRAMIDE,0.3997,-5.0601,novel
2262,CHEMBL1200735,MOXIFLOXACIN HYDROCHLORIDE,0.3997,-5.0603,novel
2263,CHEMBL604,CUPRIC SULFATE,0.3997,-5.0609,novel
2264,CHEMBL338802,SULFAGUANIDINE,0.3992,-5.0665,novel
2265,CHEMBL296306,LACTULOSE,0.3989,-5.0707,novel
2266,CHEMBL2095208,COBICISTAT,0.3987,-5.0736,novel
2267,CHEMBL245807,OXYPHENISATINE,0.3983,-5.079,novel
2268,CHEMBL632,BETAMETHASONE,0.3982,-5.0799,novel
2269,CHEMBL4297566,CASIMERSEN,0.3981,-5.0806,novel
2270,CHEMBL633,AMIODARONE,0.398,-5.0828,novel
2271,CHEMBL1221,SULCONAZOLE,0.3979,-5.083,novel
2272,CHEMBL546,OXPRENOLOL,0.3979,-5.0831,novel
2273,CHEMBL2103742,MANGANESE SULFATE,0.3972,-5.0927,novel
2274,CHEMBL1201479,POLYETHYLENE GLYCOL 3350,0.3971,-5.0933,novel
2275,CHEMBL638,VORICONAZOLE,0.3967,-5.0996,novel
2276,CHEMBL476,DACARBAZINE,0.3965,-5.1019,novel
2277,CHEMBL1200617,RIMEXOLONE,0.3961,-5.107,novel
2278,CHEMBL1201061,LEVALBUTEROL HYDROCHLORIDE,0.3959,-5.1097,novel
2279,CHEMBL1508,ESCITALOPRAM,0.3957,-5.1125,novel
2280,CHEMBL3989694,OLANZAPINE PAMOATE,0.3955,-5.1145,novel
2281,CHEMBL1611,PHENYTOIN SODIUM,0.3953,-5.117,novel
2282,CHEMBL503,LOVASTATIN,0.3951,-5.1191,novel
2283,CHEMBL398707,HYDROMORPHONE,0.3951,-5.1202,novel
2284,CHEMBL1696,DESIPRAMINE HYDROCHLORIDE,0.3949,-5.1219,novel
2285,CHEMBL49,BUSPIRONE,0.3948,-5.1231,novel
2286,CHEMBL1350,TILUDRONIC ACID,0.3947,-5.1245,novel
2287,CHEMBL1200711,OMEGA-3-ACID ETHYL ESTERS,0.3947,-5.1251,novel
2288,CHEMBL1692,IMIPRAMINE HYDROCHLORIDE,0.3947,-5.1253,novel
2289,CHEMBL1200640,FERROUS FUMARATE,0.3946,-5.1259,novel
2290,CHEMBL2108253,ARCITUMOMAB,0.3946,-5.126,novel
2291,CHEMBL33986,BUTORPHANOL,0.3945,-5.1273,novel
2292,CHEMBL3545309,LEFAMULIN ACETATE,0.3944,-5.129,novel
2293,CHEMBL922,ADEFOVIR DIPIVOXIL,0.3941,-5.1325,novel
2294,CHEMBL656,OXYCODONE,0.3938,-5.1368,novel
2295,CHEMBL1126,PENICILLIN G SODIUM,0.3938,-5.1368,novel
2296,CHEMBL1200736,MAGNESIUM CARBONATE,0.3937,-5.1384,novel
2297,CHEMBL6068359,"HUMAN PAPILLOMAVIRUS, L1 PROTEIN VIRUS LIKE PARTICLES",0.3936,-5.1387,novel
2298,CHEMBL2364617,MACIMORELIN ACETATE,0.3936,-5.139,novel
2299,CHEMBL1201824,ALGLUCOSIDASE ALFA,0.3935,-5.1409,novel
2300,CHEMBL963,OXYMORPHONE,0.3933,-5.143,novel
2301,CHEMBL1200836,OXICONAZOLE NITRATE,0.3932,-5.1444,novel
2302,CHEMBL631,PROPAFENONE,0.3932,-5.1447,novel
2303,CHEMBL1201827,PANITUMUMAB,0.3931,-5.1461,novel
2304,CHEMBL1201760,BESIFLOXACIN,0.3929,-5.1476,novel
2305,CHEMBL129,ZIDOVUDINE,0.3929,-5.1485,novel
2306,CHEMBL2105669,TEDIZOLID PHOSPHATE,0.3928,-5.149,novel
2307,CHEMBL1200964,AMITRIPTYLINE HYDROCHLORIDE,0.3928,-5.1494,novel
2308,CHEMBL1201184,LANREOTIDE ACETATE,0.3927,-5.1503,novel
2309,CHEMBL1950576,DIHYDROSTREPTOMYCIN,0.3926,-5.1523,novel
2310,CHEMBL3989856,SODIUM SULFATE,0.3923,-5.1561,novel
2311,CHEMBL1201431,DORNASE ALFA,0.3923,-5.1562,novel
2312,CHEMBL1194,PRILOCAINE,0.3922,-5.1568,novel
2313,CHEMBL6068498,NEISSERIA MENINGITIDIS POLYSACCHARIDE CONJUGATED TO TETANUS TOXOID,0.3922,-5.1569,novel
2314,CHEMBL6068489,RESPIRATORY SYNCYTIAL VIRUS PRE-FUSION GLYCOPROTEIN F,0.3919,-5.1616,novel
2315,CHEMBL2103867,PLECANATIDE,0.3917,-5.1633,novel
2316,CHEMBL3990047,OZENOXACIN,0.3917,-5.1642,novel
2317,CHEMBL1095292,BRETYLIUM TOSYLATE,0.3916,-5.1643,novel
2318,CHEMBL1201492,SEVELAMER HYDROCHLORIDE,0.3912,-5.1703,novel
2319,CHEMBL480,LANSOPRAZOLE,0.391,-5.1725,novel
2320,CHEMBL436,TOLRESTAT,0.3908,-5.1749,novel
2321,CHEMBL692,GLYCERIN,0.3908,-5.1752,novel
2322,CHEMBL1409,FLUVOXAMINE MALEATE,0.3902,-5.1829,novel
2323,CHEMBL1200682,SODIUM OXYBATE,0.39,-5.1856,novel
2324,CHEMBL918,PHENACEMIDE,0.3898,-5.1885,novel
2325,CHEMBL6067977,TECHNETIUM TC 99M SESTAMIBI,0.3896,-5.1908,novel
2326,CHEMBL1083993,AMIODARONE HYDROCHLORIDE,0.3896,-5.1911,novel
2327,CHEMBL4650299,HEPARIN,0.3896,-5.1911,novel
2328,CHEMBL270190,ALVIMOPAN,0.3895,-5.192,novel
2329,CHEMBL1200656,NATAMYCIN,0.3894,-5.1929,novel
2330,CHEMBL2109065,DROTRECOGIN ALFA (ACTIVATED),0.3894,-5.1932,novel
2331,CHEMBL1200701,DICLOXACILLIN SODIUM,0.3891,-5.1974,novel
2332,CHEMBL2103736,FENOPROFEN CALCIUM,0.3889,-5.1995,novel
2333,CHEMBL562,GRISEOFULVIN,0.3885,-5.2047,novel
2334,CHEMBL3989922,NIRAPARIB TOSYLATE MONOHYDRATE,0.3883,-5.2076,novel
2335,CHEMBL782,TOLBUTAMIDE,0.3881,-5.2098,novel
2336,CHEMBL2106195,DEXMEDETOMIDINE HYDROCHLORIDE,0.388,-5.2119,novel
2337,CHEMBL4297588,ODEVIXIBAT,0.3877,-5.2153,novel
2338,CHEMBL2443262,OLICERIDINE,0.3876,-5.2161,novel
2339,CHEMBL686,MEFENAMIC ACID,0.3875,-5.2178,novel
2340,CHEMBL1201336,FOSPHENYTOIN,0.3875,-5.2184,novel
2341,CHEMBL4594301,REMIMAZOLAM BESYLATE,0.3873,-5.2209,novel
2342,CHEMBL1202,CIPROFLOXACIN HYDROCHLORIDE,0.3872,-5.2213,novel
2343,CHEMBL6067961,POLIDOCANOL,0.3868,-5.2269,novel
2344,CHEMBL4594320,AVALGLUCOSIDASE ALFA,0.3865,-5.2306,novel
2345,CHEMBL1353,SODIUM BICARBONATE,0.3865,-5.2311,novel
2346,CHEMBL1617,RIFAXIMIN,0.3863,-5.2328,novel
2347,CHEMBL1068,OXCARBAZEPINE,0.3861,-5.236,novel
2348,CHEMBL565,CLOFIBRATE,0.386,-5.2372,novel
2349,CHEMBL4650274,DASIGLUCAGON HYDROCHLORIDE,0.3857,-5.2414,novel
2350,CHEMBL517,DISOPYRAMIDE,0.3854,-5.2446,novel
2351,CHEMBL3545367,LEMBOREXANT,0.3847,-5.2534,novel
2352,CHEMBL6068372,NEISSERIA MENINGITIDIS ADHESIN A,0.3844,-5.2577,novel
2353,CHEMBL70,MORPHINE,0.3843,-5.2587,novel
2354,CHEMBL2103830,FOSTAMATINIB,0.3843,-5.2595,novel
2355,CHEMBL472,GLYBURIDE,0.3836,-5.2681,novel
2356,CHEMBL1200470,ESOMEPRAZOLE SODIUM,0.3834,-5.2713,novel
2357,CHEMBL3039508,NALDEMEDINE TOSYLATE,0.3834,-5.2714,novel
2358,CHEMBL5314378,CASPOFUNGIN ACETATE,0.3829,-5.277,novel
2359,CHEMBL797,PHENSUXIMIDE,0.3828,-5.2785,novel
2360,CHEMBL4594329,CIPAGLUCOSIDASE ALFA,0.3828,-5.2786,novel
2361,CHEMBL1113,AMOXAPINE,0.3825,-5.2828,novel
2362,CHEMBL2103802,DAPAGLIFLOZIN PROPANEDIOL,0.3819,-5.2905,novel
2363,CHEMBL1089,PHENELZINE,0.3817,-5.2927,novel
2364,CHEMBL1200826,LITHIUM CARBONATE,0.3815,-5.296,novel
2365,CHEMBL614,PYRAZINAMIDE,0.3808,-5.3046,novel
2366,CHEMBL444633,RIFABUTIN,0.3808,-5.3046,novel
2367,CHEMBL1100,PARAMETHADIONE,0.3806,-5.3064,novel
2368,CHEMBL488093,PYRITINOL,0.3806,-5.3072,novel
2369,CHEMBL1201222,LISDEXAMFETAMINE,0.3806,-5.3072,novel
2370,CHEMBL2106483,VILOXAZINE HYDROCHLORIDE,0.3806,-5.3072,novel
2371,CHEMBL1389,LEVONORGESTREL,0.3805,-5.3085,novel
2372,CHEMBL1743078,TEPLIZUMAB,0.3803,-5.3103,novel
2373,CHEMBL1177,PEMOLINE,0.3801,-5.3139,novel
2374,CHEMBL238804,SELEXIPAG,0.379,-5.3278,novel
2375,CHEMBL4297951,COAGULATION FACTOR X HUMAN,0.379,-5.328,novel
2376,CHEMBL695,TRIMETHADIONE,0.3789,-5.3293,novel
2377,CHEMBL1140,NIACINAMIDE,0.3787,-5.331,novel
2378,CHEMBL6068364,"JAPANESE ENCEPHALITIS VIRUS, INACTIVATED",0.3787,-5.3311,novel
2379,CHEMBL184412,DRONEDARONE,0.3786,-5.3333,novel
2380,CHEMBL2105682,EDOXABAN TOSYLATE,0.3785,-5.3339,novel
2381,CHEMBL1682,SORBITOL,0.3784,-5.3351,novel
2382,CHEMBL2206196,PAROMOMYCIN SULFATE,0.3784,-5.336,novel
2383,CHEMBL5315099,EX VIVO EXPANDED AUTOLOGOUS HUMAN CORNEAL EPITHELIAL CELLS CONTAINING STEM CELLS,0.3782,-5.3385,novel
2384,CHEMBL94394,BUFEXAMAC,0.378,-5.3401,novel
2385,CHEMBL1201891,DEFLAZACORT,0.3779,-5.3415,novel
2386,CHEMBL1200625,STRONTIUM CHLORIDE SR 89,0.3779,-5.342,novel
2387,CHEMBL1398126,AMILORIDE HYDROCHLORIDE,0.3779,-5.342,novel
2388,CHEMBL3301612,ENCORAFENIB,0.3778,-5.3429,novel
2389,CHEMBL1908841,LEVOLEUCOVORIN,0.3775,-5.3469,novel
2390,CHEMBL32,MOXIFLOXACIN,0.3775,-5.3472,novel
2391,CHEMBL1702,ATOMOXETINE HYDROCHLORIDE,0.3773,-5.3495,novel
2392,CHEMBL640,PROCAINAMIDE,0.3772,-5.3507,novel
2393,CHEMBL3989932,ANGIOTENSIN II ACETATE,0.3771,-5.3516,novel
2394,CHEMBL6068355,"RUBELLA VIRUS, LIVE ATTENUATED",0.377,-5.3536,novel
2395,CHEMBL222559,TIPRANAVIR,0.3768,-5.356,novel
2396,CHEMBL4297536,PATISIRAN SODIUM,0.3767,-5.3575,novel
2397,CHEMBL1779710,EVOGLIPTIN,0.3766,-5.3591,novel
2398,CHEMBL2107830,EMPAGLIFLOZIN,0.3765,-5.3593,novel
2399,CHEMBL1200727,RUBIDIUM CHLORIDE RB 82,0.3764,-5.3617,novel
2400,CHEMBL1200941,THIAMINE HYDROCHLORIDE,0.3763,-5.3624,novel
2401,CHEMBL1946170,REGORAFENIB,0.376,-5.3663,novel
2402,CHEMBL1201156,NORTRIPTYLINE HYDROCHLORIDE,0.3759,-5.3677,novel
2403,CHEMBL822,TERBINAFINE,0.3755,-5.3722,novel
2404,CHEMBL942,BISACODYL,0.3743,-5.3879,novel
2405,CHEMBL957,BOSENTAN,0.3743,-5.3889,novel
2406,CHEMBL218650,DELAMANID,0.374,-5.3925,novel
2407,CHEMBL2103844,PIXANTRONE DIMALEATE,0.374,-5.3928,novel
2408,CHEMBL450,METHARBITAL,0.3736,-5.3975,novel
2409,CHEMBL563,FLURBIPROFEN,0.3736,-5.3978,novel
2410,CHEMBL21731,MAPROTILINE,0.3733,-5.4014,novel
2411,CHEMBL1076903,VARENICLINE,0.3725,-5.4115,novel
2412,CHEMBL896,HYDROXYZINE,0.3725,-5.4118,novel
2413,CHEMBL2105684,SELUMETINIB SULFATE,0.3722,-5.4157,novel
2414,CHEMBL512351,BETRIXABAN,0.3712,-5.4278,novel
2415,CHEMBL1200952,METHAMPHETAMINE HYDROCHLORIDE,0.3712,-5.4283,novel
2416,CHEMBL1200572,MAGNESIUM OXIDE,0.3709,-5.4322,novel
2417,CHEMBL2108175,HUMAN COAGULATION FACTOR VIII,0.3708,-5.4329,novel
2418,CHEMBL871,ETIDRONIC ACID,0.3708,-5.4334,novel
2419,CHEMBL1200706,ALUMINUM HYDROXIDE,0.3708,-5.4337,novel
2420,CHEMBL605,PROCAINAMIDE HYDROCHLORIDE,0.3704,-5.4385,novel
2421,CHEMBL290960,NIFURTIMOX,0.3703,-5.4394,novel
2422,CHEMBL4297535,FISH OIL TRIGLYCERIDES,0.3702,-5.4416,novel
2423,CHEMBL223228,EFAVIRENZ,0.3702,-5.4419,novel
2424,CHEMBL1098,BUPIVACAINE,0.3696,-5.4496,novel
2425,CHEMBL405,AMPHETAMINE,0.3695,-5.4508,novel
2426,CHEMBL2107831,LUSUTROMBOPAG,0.3694,-5.4512,novel
2427,CHEMBL5314348,BIVALIRUDIN,0.3691,-5.455,novel
2428,CHEMBL1624,LEVOTHYROXINE,0.3689,-5.4574,novel
2429,CHEMBL591665,SODIUM ASCORBATE,0.3689,-5.4577,novel
2430,CHEMBL666,FOSCARNET,0.3685,-5.4631,novel
2431,CHEMBL2107817,AVIBACTAM SODIUM,0.3683,-5.4661,novel
2432,CHEMBL1200474,DEMECLOCYCLINE HYDROCHLORIDE,0.3683,-5.4663,novel
2433,CHEMBL3990039,MARSTACIMAB,0.3682,-5.4677,novel
2434,CHEMBL4298139,SERDEXMETHYLPHENIDATE CHLORIDE,0.3681,-5.4681,novel
2435,CHEMBL4298168,IBREXAFUNGERP CITRATE,0.3679,-5.4705,novel
2436,CHEMBL1263,SALMETEROL,0.3678,-5.4719,novel
2437,CHEMBL163,RITONAVIR,0.3678,-5.4722,novel
2438,CHEMBL1422,SITAGLIPTIN,0.3678,-5.4728,novel
2439,CHEMBL3989567,OXACILLIN SODIUM,0.3677,-5.473,novel
2440,CHEMBL623,NEFAZODONE,0.3675,-5.4756,novel
2441,CHEMBL1522,ESZOPICLONE,0.3671,-5.4809,novel
2442,CHEMBL2359966,QUININE SULFATE,0.367,-5.4831,novel
2443,CHEMBL1297,FENOPROFEN,0.3668,-5.4849,novel
2444,CHEMBL1201451,ALBUMIN HUMAN,0.3665,-5.4888,novel
2445,CHEMBL1200506,ERYTHROMYCIN LACTOBIONATE,0.3665,-5.4892,novel
2446,CHEMBL1201098,CEFOTETAN DISODIUM,0.3665,-5.4892,novel
2447,CHEMBL3989715,MUPIROCIN CALCIUM,0.3665,-5.4892,novel
2448,CHEMBL696,ETHOSUXIMIDE,0.3663,-5.4914,novel
2449,CHEMBL995,LOSARTAN POTASSIUM,0.3662,-5.4926,novel
2450,CHEMBL3989559,PANTOPRAZOLE SODIUM,0.3658,-5.4979,novel
2451,CHEMBL1166,ARGATROBAN,0.3655,-5.5022,novel
2452,CHEMBL5315087,PROTEIN C CONCENTRATE (HUMAN),0.3655,-5.5026,novel
2453,CHEMBL4303214,FRUQUINTINIB,0.3654,-5.5027,novel
2454,CHEMBL3301605,RELEBACTAM,0.3651,-5.5072,novel
2455,CHEMBL1201303,PYRVINIUM,0.3651,-5.5072,novel
2456,CHEMBL254857,FIPEXIDE,0.3651,-5.5072,novel
2457,CHEMBL1201863,DEXLANSOPRAZOLE,0.365,-5.5079,novel
2458,CHEMBL6437,MIANSERIN,0.3645,-5.515,novel
2459,CHEMBL606,MISOPROSTOL,0.3645,-5.5154,novel
2460,CHEMBL3311228,OTESECONAZOLE,0.3644,-5.5157,novel
2461,CHEMBL1200632,CLINDAMYCIN PALMITATE HYDROCHLORIDE,0.3642,-5.5188,novel
2462,CHEMBL1743073,SOTATERCEPT,0.3642,-5.5191,novel
2463,CHEMBL1200721,ESTRAMUSTINE PHOSPHATE SODIUM,0.364,-5.5212,novel
2464,CHEMBL3989564,TOBRAMYCIN SULFATE,0.3639,-5.5221,novel
2465,CHEMBL2219425,ARIPIPRAZOLE LAUROXIL,0.3638,-5.5234,novel
2466,CHEMBL5315120,ODEVIXIBAT SESQUIHYDRATE,0.3637,-5.5251,novel
2467,CHEMBL2096635,UREA C 14,0.3637,-5.5252,novel
2468,CHEMBL498,CHLORPROPAMIDE,0.3635,-5.5275,novel
2469,CHEMBL1568276,NAFCILLIN SODIUM,0.3632,-5.5313,novel
2470,CHEMBL6068343,CLOPIDOGREL HYDROBROMIDE,0.3632,-5.5323,novel
2471,CHEMBL2108027,DULAGLUTIDE,0.3629,-5.5357,novel
2472,CHEMBL64391,ITRACONAZOLE,0.3628,-5.5363,novel
2473,CHEMBL1200628,VANCOMYCIN HYDROCHLORIDE,0.3627,-5.5382,novel
2474,CHEMBL1660,RIFAPENTINE,0.3621,-5.5457,novel
2475,CHEMBL932,DIPYRIDAMOLE,0.3616,-5.5519,novel
2476,CHEMBL418995,AMINEPTINE,0.3614,-5.5544,novel
2477,CHEMBL188921,BUFLOMEDIL,0.3613,-5.5559,novel
2478,CHEMBL1664,FOSAMPRENAVIR,0.3609,-5.5609,novel
2479,CHEMBL2107825,TENOFOVIR ALAFENAMIDE,0.3609,-5.5609,novel
2480,CHEMBL2108311,ASFOTASE ALFA,0.3609,-5.5618,novel
2481,CHEMBL15770,SULINDAC,0.3608,-5.5631,novel
2482,CHEMBL1201104,METHENAMINE HIPPURATE,0.3608,-5.5633,novel
2483,CHEMBL608,PROBUCOL,0.3607,-5.5634,novel
2484,CHEMBL2135460,TERLIPRESSIN,0.3605,-5.5659,novel
2485,CHEMBL1700,SOTALOL HYDROCHLORIDE,0.3605,-5.5671,novel
2486,CHEMBL1762,TOCAINIDE,0.3605,-5.5671,novel
2487,CHEMBL1201136,TITANIUM DIOXIDE,0.3604,-5.5684,novel
2488,CHEMBL1265,ADAPALENE,0.36,-5.5725,novel
2489,CHEMBL1503,OMEPRAZOLE,0.36,-5.573,novel
2490,CHEMBL3989919,FOSNETUPITANT CHLORIDE HYDROCHLORIDE,0.3596,-5.5781,novel
2491,CHEMBL393220,ATORVASTATIN CALCIUM,0.3594,-5.5805,novel
2492,CHEMBL1070,NABUMETONE,0.3593,-5.5816,novel
2493,CHEMBL1200855,TICARCILLIN DISODIUM,0.3591,-5.5842,novel
2494,CHEMBL817,TOLAZAMIDE,0.3589,-5.5869,novel
2495,CHEMBL542541,HYDRALAZINE HYDROCHLORIDE,0.3589,-5.5877,novel
2496,CHEMBL1201202,FONDAPARINUX,0.3588,-5.5879,novel
2497,CHEMBL1201020,DISOPYRAMIDE PHOSPHATE,0.3588,-5.5885,novel
2498,CHEMBL1908847,SPARTEINE,0.3586,-5.5905,novel
2499,CHEMBL264241,ANIDULAFUNGIN,0.3581,-5.5969,novel
2500,CHEMBL571,KETOPROFEN,0.3578,-5.602,novel
2501,CHEMBL3185229,MAGNESIUM CHLORIDE,0.3576,-5.6034,novel
2502,CHEMBL54976,TRYPTOPHAN,0.3576,-5.6034,novel
2503,CHEMBL5095039,GALLIUM GA 68 GOZETOTIDE,0.3574,-5.6064,novel
2504,CHEMBL87992,ESLICARBAZEPINE ACETATE,0.3573,-5.6073,novel
2505,CHEMBL1086,DIBUCAINE,0.3573,-5.6079,novel
2506,CHEMBL1200729,CHLORAMPHENICOL SODIUM SUCCINATE,0.3573,-5.6079,novel
2507,CHEMBL3137310,BENZHYDROCODONE HYDROCHLORIDE,0.3572,-5.6088,novel
2508,CHEMBL1483,ALBENDAZOLE,0.3572,-5.6095,novel
2509,CHEMBL439849,VILAZODONE,0.3571,-5.6106,novel
2510,CHEMBL3140361,ETHAMBUTOL HYDROCHLORIDE,0.3568,-5.6146,novel
2511,CHEMBL1201631,INSULIN HUMAN,0.3564,-5.6196,novel
2512,CHEMBL1463,FLUCYTOSINE,0.3561,-5.624,novel
2513,CHEMBL1075,MORICIZINE,0.356,-5.625,novel
2514,CHEMBL6068368,NEISSERIA MENINGITIDIS OLIGOSACCHARIDE CONJUGATED TO CORYNEBACTERIUM DIPHTHERIAE CRM197,0.3555,-5.6308,novel
2515,CHEMBL1237119,TREPROSTINIL,0.3555,-5.6314,novel
2516,CHEMBL1272,REPAGLINIDE,0.3554,-5.6327,novel
2517,CHEMBL1200453,DOCOSANOL,0.3553,-5.6335,novel
2518,CHEMBL99946,LEVOMILNACIPRAN,0.3553,-5.6343,novel
2519,CHEMBL4297832,SUTIMLIMAB,0.3551,-5.6364,novel
2520,CHEMBL2108336,LIXISENATIDE,0.3549,-5.6388,novel
2521,CHEMBL2105689,LULICONAZOLE,0.3546,-5.6425,novel
2522,CHEMBL456,ETHACRYNIC ACID,0.3542,-5.6482,novel
2523,CHEMBL504,DIMETHYL SULFOXIDE,0.3539,-5.6517,novel
2524,CHEMBL1201864,DIENOGEST,0.3539,-5.6523,novel
2525,CHEMBL2109036,IGOVOMAB,0.3537,-5.6538,novel
2526,CHEMBL40,PHENOBARBITAL,0.3534,-5.6578,novel
2527,CHEMBL1237044,TRAMADOL,0.3533,-5.6597,novel
2528,CHEMBL490,PAROXETINE,0.3528,-5.6656,novel
2529,CHEMBL1863515,GLUCARPIDASE,0.3526,-5.6681,novel
2530,CHEMBL923,RISEDRONIC ACID,0.3524,-5.6706,novel
2531,CHEMBL1201460,DALTEPARIN SODIUM,0.3521,-5.6744,novel
2532,CHEMBL1201011,QUINAPRIL HYDROCHLORIDE,0.3515,-5.683,novel
2533,CHEMBL970,HALAZEPAM,0.3507,-5.6928,novel
2534,CHEMBL6068371,NEISSERIA MENINGITIDIS NEISSERIAL HEPARIN BINDING ANTIGEN,0.3507,-5.6929,novel
2535,CHEMBL445,NORTRIPTYLINE,0.3506,-5.6948,novel
2536,CHEMBL259209,MILNACIPRAN,0.3505,-5.6958,novel
2537,CHEMBL982,NALMEFENE,0.3503,-5.6987,novel
2538,CHEMBL4594217,CANAGLIFLOZIN,0.3502,-5.6995,novel
2539,CHEMBL2010601,IVACAFTOR,0.3499,-5.7039,novel
2540,CHEMBL267936,MECAMYLAMINE,0.3498,-5.7046,novel
2541,CHEMBL477,ADENOSINE,0.3498,-5.7051,novel
2542,CHEMBL6067998,LASOFOXIFENE TARTRATE,0.3497,-5.7065,novel
2543,CHEMBL500,PINDOLOL,0.3496,-5.7069,novel
2544,CHEMBL3544909,CALCIFEDIOL,0.3495,-5.7084,novel
2545,CHEMBL1615369,DABIGATRAN ETEXILATE MESYLATE,0.3495,-5.7089,novel
2546,CHEMBL2111112,VERNAKALANT,0.3493,-5.7106,novel
2547,CHEMBL1201761,BESIFLOXACIN HYDROCHLORIDE,0.3493,-5.7109,novel
2548,CHEMBL1200644,FONDAPARINUX SODIUM,0.3492,-5.712,novel
2549,CHEMBL1240,PROPANTHELINE BROMIDE,0.3492,-5.7131,novel
2550,CHEMBL1200622,PARICALCITOL,0.3491,-5.7143,novel
2551,CHEMBL1014,CANDESARTAN CILEXETIL,0.349,-5.7147,novel
2552,CHEMBL3989507,EDETATE DISODIUM,0.349,-5.715,novel
2553,CHEMBL1237105,CARBOPROST TROMETHAMINE,0.3489,-5.7164,novel
2554,CHEMBL197084,TROFINETIDE,0.3479,-5.7294,novel
2555,CHEMBL1083659,SUVOREXANT,0.3478,-5.7302,novel
2556,CHEMBL1259059,SOFOSBUVIR,0.3476,-5.7325,novel
2557,CHEMBL1200810,DOXERCALCIFEROL,0.3475,-5.7341,novel
2558,CHEMBL437765,RIFAMYCIN,0.3474,-5.7351,novel
2559,CHEMBL2106615,BAZEDOXIFENE ACETATE,0.3473,-5.7372,novel
2560,CHEMBL170988,PHENFORMIN,0.3473,-5.7373,novel
2561,CHEMBL588,FENOLDOPAM,0.3472,-5.7383,novel
2562,CHEMBL291657,CRINECERFONT,0.3467,-5.7449,novel
2563,CHEMBL4650226,ACORAMIDIS HYDROCHLORIDE,0.3466,-5.7463,novel
2564,CHEMBL1064,SIMVASTATIN,0.3464,-5.749,novel
2565,CHEMBL1201822,GALSULFASE,0.3463,-5.7504,novel
2566,CHEMBL969,PRAZEPAM,0.3462,-5.7511,novel
2567,CHEMBL315838,ENCAINIDE,0.3461,-5.7523,novel
2568,CHEMBL637,VENLAFAXINE,0.3459,-5.7546,novel
2569,CHEMBL641,ATOMOXETINE,0.3459,-5.7547,novel
2570,CHEMBL433,VALPROATE SODIUM,0.3459,-5.755,novel
2571,CHEMBL1200922,MEBUTAMATE,0.3455,-5.7602,novel
2572,CHEMBL1200668,CALCIUM CHLORIDE,0.345,-5.7663,novel
2573,CHEMBL964,DISULFIRAM,0.3448,-5.7695,novel
2574,CHEMBL1201723,SINECATECHINS,0.3447,-5.771,novel
2575,CHEMBL175,DEXIBUPROFEN,0.3444,-5.7749,novel
2576,CHEMBL1111,AMBRISENTAN,0.3441,-5.7785,novel
2577,CHEMBL1200523,CEFAZOLIN SODIUM,0.344,-5.7801,novel
2578,CHEMBL2147777,TENELIGLIPTIN,0.3439,-5.7802,novel
2579,CHEMBL1200380,ACYCLOVIR SODIUM,0.3439,-5.7812,novel
2580,CHEMBL3989843,TRANYLCYPROMINE,0.3436,-5.7842,novel
2581,CHEMBL809,SERTRALINE,0.3433,-5.788,novel
2582,CHEMBL1201593,ALTEPLASE,0.3426,-5.7973,novel
2583,CHEMBL11,IMIPRAMINE,0.3417,-5.8087,novel
2584,CHEMBL2107841,ALBIGLUTIDE,0.3415,-5.8113,novel
2585,CHEMBL509,MECLOFENAMIC ACID,0.3415,-5.8116,novel
2586,CHEMBL1201173,MEDRYSONE,0.3415,-5.8124,novel
2587,CHEMBL865,VALDECOXIB,0.3414,-5.8132,novel
2588,CHEMBL75435,DEXKETOPROFEN,0.3406,-5.8229,novel
2589,CHEMBL4594248,CALCITONIN HUMAN,0.3406,-5.8237,novel
2590,CHEMBL894,BUPROPION,0.3403,-5.8272,novel
2591,CHEMBL1200822,FLECAINIDE ACETATE,0.3402,-5.8288,novel
2592,CHEMBL3989923,PITAVASTATIN MAGNESIUM,0.3398,-5.8344,novel
2593,CHEMBL14370,REBOXETINE,0.3395,-5.8383,novel
2594,CHEMBL2364633,SARECYCLINE HYDROCHLORIDE,0.3394,-5.8385,novel
2595,CHEMBL4594607,APADAMTASE ALFA,0.3394,-5.8393,novel
2596,CHEMBL4298126,VON WILLEBRAND FACTOR HUMAN,0.3392,-5.8419,novel
2597,CHEMBL790,CHLORHEXIDINE,0.3389,-5.8457,novel
2598,CHEMBL834,PAMIDRONIC ACID,0.3385,-5.8508,novel
2599,CHEMBL4297620,SOLRIAMFETOL,0.3385,-5.8512,novel
2600,CHEMBL646,TRIAZOLAM,0.3383,-5.8534,novel
2601,CHEMBL2105675,TAFAMIDIS MEGLUMINE,0.3382,-5.8549,novel
2602,CHEMBL1705,CLONIDINE HYDROCHLORIDE,0.3378,-5.8597,novel
2603,CHEMBL4298211,PEGCETACOPLAN,0.3378,-5.8599,novel
2604,CHEMBL6068370,NEISSERIA MENINGITIDIS OUTER MEMBRANE VESICLES,0.3375,-5.8629,novel
2605,CHEMBL878,METOLAZONE,0.3375,-5.863,novel
2606,CHEMBL2165326,APROCITENTAN,0.3368,-5.8726,novel
2607,CHEMBL690,PRAVASTATIN SODIUM,0.3367,-5.8738,novel
2608,CHEMBL1744447,ROSUVASTATIN CALCIUM,0.3365,-5.8758,novel
2609,CHEMBL1518,PROPYLTHIOURACIL,0.3361,-5.8821,novel
2610,CHEMBL590,MENADIONE,0.3358,-5.8852,novel
2611,CHEMBL1703,METFORMIN HYDROCHLORIDE,0.3357,-5.8867,novel
2612,CHEMBL415,CLOMIPRAMINE,0.3352,-5.8933,novel
2613,CHEMBL748,PRALIDOXIME CHLORIDE,0.3351,-5.894,novel
2614,CHEMBL4594335,EPLONTERSEN SODIUM,0.3349,-5.8972,novel
2615,CHEMBL1694,BENAZEPRIL HYDROCHLORIDE,0.3348,-5.8985,novel
2616,CHEMBL4594316,CROVALIMAB,0.3345,-5.9021,novel
2617,CHEMBL621,TRAZODONE,0.3344,-5.9032,novel
2618,CHEMBL231813,TELAPREVIR,0.3344,-5.9036,novel
2619,CHEMBL4297762,GOLODIRSEN,0.3343,-5.9043,novel
2620,CHEMBL4297537,INOTERSEN SODIUM,0.3339,-5.9096,novel
2621,CHEMBL1200473,CYCLOPENTOLATE HYDROCHLORIDE,0.3338,-5.9117,novel
2622,CHEMBL494,ILOPROST,0.3334,-5.9159,novel
2623,CHEMBL19019,NALTREXONE,0.3334,-5.9159,novel
2624,CHEMBL1054,TRICHLORMETHIAZIDE,0.3329,-5.9229,novel
2625,CHEMBL753,PHENOXYBENZAMINE,0.3329,-5.9231,novel
2626,CHEMBL247951,PEMAFIBRATE,0.3328,-5.9243,novel
2627,CHEMBL6068497,OMIDUBICEL NON-CULTURED FRACTION,0.3327,-5.9256,novel
2628,CHEMBL267345,AMPHOTERICIN B,0.3323,-5.9301,novel
2629,CHEMBL3833317,FERRIC PYROPHOSPHATE CITRATE,0.332,-5.9343,novel
2630,CHEMBL1354,SODIUM ACETATE,0.3312,-5.9452,novel
2631,CHEMBL3301583,ANDEXANET ALFA,0.331,-5.948,novel
2632,CHEMBL1754,DOXAPRAM,0.3308,-5.9504,novel
2633,CHEMBL1466,DICUMAROL,0.3305,-5.9543,novel
2634,CHEMBL1218,RAMELTEON,0.3302,-5.958,novel
2635,CHEMBL772,RESERPINE,0.3299,-5.961,novel
2636,CHEMBL3989740,DOXYCYCLINE HYCLATE,0.3296,-5.9661,novel
2637,CHEMBL1025,ISOFLUROPHATE,0.3287,-5.9767,novel
2638,CHEMBL1201473,COLESEVELAM HYDROCHLORIDE,0.3284,-5.9814,novel
2639,CHEMBL1077,BROMFENAC,0.3283,-5.9821,novel
2640,CHEMBL395429,OXYTOCIN,0.3283,-5.9821,novel
2641,CHEMBL45,MELATONIN,0.3283,-5.9824,novel
2642,CHEMBL602,CYSTEAMINE,0.3279,-5.988,novel
2643,CHEMBL597,PHENTOLAMINE,0.3278,-5.9881,novel
2644,CHEMBL2023898,DACLATASVIR,0.3273,-5.9948,novel
2645,CHEMBL4594438,LENACAPAVIR,0.3271,-5.9977,novel
2646,CHEMBL1404,RANOLAZINE,0.3269,-6.0007,novel
2647,CHEMBL429910,DAPAGLIFLOZIN,0.3268,-6.0019,novel
2648,CHEMBL1200604,TROPICAMIDE,0.3268,-6.0021,novel
2649,CHEMBL276832,HYDRALAZINE,0.3265,-6.0053,novel
2650,CHEMBL4297820,ROZANOLIXIZUMAB,0.3265,-6.006,novel
2651,CHEMBL408,TROGLITAZONE,0.3264,-6.0074,novel
2652,CHEMBL476960,VOGLIBOSE,0.3255,-6.0181,novel
2653,CHEMBL1200692,OLMESARTAN MEDOXOMIL,0.3254,-6.0194,novel
2654,CHEMBL93268,SODIUM NITRITE,0.3252,-6.0226,novel
2655,CHEMBL1201314,VALGANCICLOVIR,0.3245,-6.031,novel
2656,CHEMBL870,ALENDRONIC ACID,0.3244,-6.0323,novel
2657,CHEMBL3545183,ETELCALCETIDE HYDROCHLORIDE,0.3242,-6.0347,novel
2658,CHEMBL1201775,SAPROPTERIN DIHYDROCHLORIDE,0.3242,-6.0359,novel
2659,CHEMBL4297802,PEGVALIASE,0.3242,-6.0359,novel
2660,CHEMBL2108676,ELOSULFASE ALFA,0.3236,-6.043,novel
2661,CHEMBL80,NALOXONE,0.3234,-6.0457,novel
2662,CHEMBL1200559,LACTIC ACID,0.3231,-6.0495,novel
2663,CHEMBL4298190,OMIDUBICEL,0.323,-6.0508,novel
2664,CHEMBL2105745,GLYCEROL PHENYLBUTYRATE,0.3229,-6.0519,novel
2665,CHEMBL2368925,DOLASETRON,0.3229,-6.0519,novel
2666,CHEMBL273575,NOMIFENSINE,0.3229,-6.052,novel
2667,CHEMBL1201284,CINACALCET,0.3225,-6.057,novel
2668,CHEMBL267744,TICRYNAFEN,0.3221,-6.062,novel
2669,CHEMBL101,PHENYLBUTAZONE,0.3218,-6.066,novel
2670,CHEMBL1200934,NORGESTIMATE,0.3216,-6.0694,novel
2671,CHEMBL4650241,DELANDISTROGENE MOXEPARVOVEC,0.3207,-6.081,novel
2672,CHEMBL1200332,PROTRIPTYLINE HYDROCHLORIDE,0.3205,-6.0824,novel
2673,CHEMBL1200535,THALLOUS CHLORIDE TL 201,0.3204,-6.0848,novel
2674,CHEMBL3544989,VOLANESORSEN SODIUM,0.3201,-6.0882,novel
2675,CHEMBL1722,METHYLPHENIDATE HYDROCHLORIDE,0.3199,-6.0911,novel
2676,CHEMBL3127326,OMBITASVIR,0.3198,-6.0921,novel
2677,CHEMBL59,DOPAMINE,0.3192,-6.0998,novel
2678,CHEMBL770,TOLAZOLINE,0.3192,-6.1002,novel
2679,CHEMBL404108,LUMIRACOXIB,0.319,-6.1025,novel
2680,CHEMBL1201595,LARONIDASE,0.3185,-6.1083,novel
2681,CHEMBL85231,MEDIFOXAMINE,0.3182,-6.1133,novel
2682,CHEMBL406,INDAPAMIDE,0.3178,-6.1181,novel
2683,CHEMBL3707276,VOSORITIDE,0.3177,-6.1195,novel
2684,CHEMBL557555,CIPROFIBRATE,0.3175,-6.1222,novel
2685,CHEMBL211471,NEOSTIGMINE METHYLSULFATE,0.3173,-6.1238,novel
2686,CHEMBL833,TICLOPIDINE,0.317,-6.1288,novel
2687,CHEMBL1198,PRAMOXINE,0.3165,-6.135,novel
2688,CHEMBL1314,TIOPRONIN,0.3161,-6.1394,novel
2689,CHEMBL1269025,EDOXABAN,0.3154,-6.1485,novel
2690,CHEMBL1201476,ENOXAPARIN SODIUM,0.3152,-6.1521,novel
2691,CHEMBL1200936,PENICILLIN G PROCAINE,0.3151,-6.1524,novel
2692,CHEMBL4594278,GEFAPIXANT CITRATE,0.3144,-6.1618,novel
2693,CHEMBL1200402,AMLODIPINE BESYLATE,0.3137,-6.171,novel
2694,CHEMBL5465559,NYSTATIN,0.3131,-6.178,novel
2695,CHEMBL3707226,DEFIBROTIDE SODIUM,0.3131,-6.1784,novel
2696,CHEMBL5315048,ZILUCOPLAN SODIUM,0.3126,-6.1845,novel
2697,CHEMBL2107885,RETEPLASE,0.3124,-6.1878,novel
2698,CHEMBL1200472,QUAZEPAM,0.312,-6.1926,novel
2699,CHEMBL744,RILUZOLE,0.3117,-6.1969,novel
2700,CHEMBL398435,TICAGRELOR,0.3109,-6.2071,novel
2701,CHEMBL435298,ESFLURBIPROFEN,0.3104,-6.2137,novel
2702,CHEMBL4594265,GIVOSIRAN SODIUM,0.3095,-6.2244,novel
2703,CHEMBL1200370,BENZOYL PEROXIDE,0.3095,-6.2251,novel
2704,CHEMBL524,METHOXAMINE,0.3094,-6.2265,novel
2705,CHEMBL193,NIFEDIPINE,0.309,-6.231,novel
2706,CHEMBL862,GUANFACINE,0.3089,-6.2328,novel
2707,CHEMBL644,TRIMIPRAMINE,0.3087,-6.2358,novel
2708,CHEMBL278819,MINAPRINE,0.3087,-6.2358,novel
2709,CHEMBL1256841,NIALAMIDE,0.3087,-6.2358,novel
2710,CHEMBL1437,NOREPINEPHRINE,0.3086,-6.2363,novel
2711,CHEMBL521606,NADOLOL,0.3085,-6.2377,novel
2712,CHEMBL2106119,CALCIUM GLUCONATE,0.3077,-6.2483,novel
2713,CHEMBL1768,BETHANECHOL CHLORIDE,0.3067,-6.2608,novel
2714,CHEMBL1200468,MALATHION,0.3049,-6.2849,novel
2715,CHEMBL2108966,"INSULIN, NEUTRAL",0.3046,-6.2886,novel
2716,CHEMBL547,ISOTRETINOIN,0.3041,-6.2951,novel
2717,CHEMBL1889140,ROPIVACAINE HYDROCHLORIDE,0.3039,-6.298,novel
2718,CHEMBL3544996,IDARUCIZUMAB,0.3029,-6.31,novel
2719,CHEMBL289480,RILMENIDINE,0.3026,-6.3142,novel
2720,CHEMBL218394,BOCEPREVIR,0.3022,-6.3187,novel
2721,CHEMBL121,ROSIGLITAZONE,0.3022,-6.319,novel
2722,CHEMBL400599,BENFLUOREX,0.3021,-6.3204,novel
2723,CHEMBL1201496,INSULIN ASPART,0.3021,-6.3204,novel
2724,CHEMBL1201613,INSULIN GLULISINE,0.3021,-6.3204,novel
2725,CHEMBL1615371,LEVOMEFOLATE CALCIUM,0.3016,-6.3273,novel
2726,CHEMBL1200843,METHYLERGONOVINE MALEATE,0.3015,-6.3279,novel
2727,CHEMBL1589,ACETOHEXAMIDE,0.3009,-6.3362,novel
2728,CHEMBL956,SUPROFEN,0.3005,-6.3407,novel
2729,CHEMBL2108973,"INSULIN HUMAN, ISOPHANE",0.2995,-6.3546,novel
2730,CHEMBL2108974,INSULIN HUMAN ZINC,0.2993,-6.3573,novel
2731,CHEMBL1201630,INSULIN PURIFIED PORK,0.2992,-6.3586,novel
2732,CHEMBL1201629,INSULIN PURIFIED BEEF,0.299,-6.3601,novel
2733,CHEMBL4297730,CONCIZUMAB,0.299,-6.3612,novel
2734,CHEMBL1201538,INSULIN LISPRO,0.2977,-6.3779,novel
2735,CHEMBL344159,TOLVAPTAN,0.2975,-6.3804,novel
2736,CHEMBL577,ENALAPRILAT ANHYDROUS,0.2974,-6.3811,novel
2737,CHEMBL1899801,PERFLENAPENT,0.2973,-6.3821,novel
2738,CHEMBL459,METHYLDOPA,0.2973,-6.3829,novel
2739,CHEMBL2107869,INSULIN DEGLUDEC,0.2972,-6.3834,novel
2740,CHEMBL6068400,GIVINOSTAT HYDROCHLORIDE,0.2972,-6.3841,novel
2741,CHEMBL877,TRANEXAMIC ACID,0.2968,-6.3897,novel
2742,CHEMBL39736,BUFORMIN,0.2967,-6.3898,novel
2743,CHEMBL2068724,ACAMPROSATE CALCIUM,0.2965,-6.3925,novel
2744,CHEMBL1788403,BIOALLETHRIN,0.2964,-6.3942,novel
2745,CHEMBL1086440,TRICLABENDAZOLE,0.2962,-6.3968,novel
2746,CHEMBL1200878,TRIAMCINOLONE HEXACETONIDE,0.2961,-6.3976,novel
2747,CHEMBL1448,NICLOSAMIDE,0.2954,-6.4066,novel
2748,CHEMBL2103758,PRAMLINTIDE,0.2954,-6.4072,novel
2749,CHEMBL3189072,TIROFIBAN HYDROCHLORIDE,0.2941,-6.4241,novel
2750,CHEMBL395091,ESKETAMINE,0.294,-6.4251,novel
2751,CHEMBL2348780,VAMOROLONE,0.2939,-6.4269,novel
2752,CHEMBL2068884,SODIUM GLUCONATE,0.2936,-6.4301,novel
2753,CHEMBL2108766,PYRETHRUM EXTRACT,0.2936,-6.431,novel
2754,CHEMBL1200494,GUANFACINE HYDROCHLORIDE,0.2934,-6.4336,novel
2755,CHEMBL485,CODEINE,0.2933,-6.4342,novel
2756,CHEMBL282724,SITAXENTAN,0.2929,-6.4396,novel
2757,CHEMBL768,ESMOLOL,0.2928,-6.4402,novel
2758,CHEMBL1095097,EPLERENONE,0.2928,-6.4406,novel
2759,CHEMBL6068338,CLOPIDOGREL HYDROCHLORIDE,0.2927,-6.442,novel
2760,CHEMBL730,NITROGLYCERIN,0.2925,-6.4441,novel
2761,CHEMBL1201619,APROTININ,0.2925,-6.4444,novel
2762,CHEMBL374478,RIFAMPIN,0.2918,-6.4533,novel
2763,CHEMBL1069,VALSARTAN,0.2918,-6.4537,novel
2764,CHEMBL231884,DIOSMIN,0.2917,-6.455,novel
2765,CHEMBL19490,ZOMEPIRAC,0.291,-6.4637,novel
2766,CHEMBL188952,PIRPROFEN,0.291,-6.4637,novel
2767,CHEMBL1201329,TRIMETHAPHAN,0.2906,-6.4692,novel
2768,CHEMBL629,AMITRIPTYLINE,0.2906,-6.4694,novel
2769,CHEMBL35,FUROSEMIDE,0.29,-6.4763,novel
2770,CHEMBL1200354,SODIUM TETRADECYL SULFATE,0.2898,-6.4792,novel
2771,CHEMBL340978,BENOXAPROFEN,0.2891,-6.4886,novel
2772,CHEMBL1771,CLOPIDOGREL,0.2888,-6.4929,novel
2773,CHEMBL1201414,TINZAPARIN SODIUM,0.2885,-6.4959,novel
2774,CHEMBL285674,ESTAZOLAM,0.2884,-6.4974,novel
2775,CHEMBL1521,ZALEPLON,0.2884,-6.4974,novel
2776,CHEMBL266349,MELAGATRAN,0.2882,-6.4999,novel
2777,CHEMBL15891,LINDANE,0.2877,-6.506,novel
2778,CHEMBL4650216,DARIDOREXANT HYDROCHLORIDE,0.2877,-6.5062,novel
2779,CHEMBL1083385,CLOPIDOGREL BISULFATE,0.2877,-6.5068,novel
2780,CHEMBL802,MINOXIDIL,0.2875,-6.5086,novel
2781,CHEMBL3989724,FLURAZEPAM HYDROCHLORIDE,0.2875,-6.5088,novel
2782,CHEMBL1717,TICLOPIDINE HYDROCHLORIDE,0.2874,-6.5105,novel
2783,CHEMBL561157,TREPROSTINIL SODIUM,0.2865,-6.5223,novel
2784,CHEMBL2108545,ORGOTEIN,0.286,-6.5285,novel
2785,CHEMBL2364623,PLAZOMICIN SULFATE,0.2859,-6.53,novel
2786,CHEMBL1020,TOLMETIN,0.2854,-6.5366,novel
2787,CHEMBL1322884,PHENOTHRIN,0.2845,-6.5485,novel
2788,CHEMBL1239,BENZYL BENZOATE,0.2843,-6.5505,novel
2789,CHEMBL2103883,AVATROMBOPAG,0.284,-6.5544,novel
2790,CHEMBL448,PENTOBARBITAL,0.2832,-6.5653,novel
2791,CHEMBL94081,ALCLOFENAC,0.2826,-6.5723,novel
2792,CHEMBL5315118,ILOPROST TROMETHAMINE,0.2825,-6.5737,novel
2793,CHEMBL1046,AMINOCAPROIC ACID,0.2824,-6.5756,novel
2794,CHEMBL1201662,DESIRUDIN,0.2823,-6.5757,novel
2795,CHEMBL707,DOXAZOSIN,0.2817,-6.5836,novel
2796,CHEMBL2105740,SITAXENTAN SODIUM,0.2816,-6.5847,novel
2797,CHEMBL45816,MIBEFRADIL,0.2816,-6.585,novel
2798,CHEMBL334966,CANGRELOR,0.281,-6.5936,novel
2799,CHEMBL734,ACETOHYDROXAMIC ACID,0.2809,-6.5948,novel
2800,CHEMBL5315050,ATOSIBAN ACETATE,0.2796,-6.6112,novel
2801,CHEMBL1089221,BENDAZAC,0.2789,-6.6201,novel
2802,CHEMBL4297873,OCTOCOG ALFA,0.2786,-6.6244,novel
2803,CHEMBL5315069,DAMOCTOCOG ALFA PEGOL,0.2786,-6.6244,novel
2804,CHEMBL1464,WARFARIN,0.2769,-6.6457,novel
2805,CHEMBL5095052,INCLISIRAN SODIUM,0.2769,-6.6466,novel
2806,CHEMBL3707382,VESTRONIDASE ALFA,0.2766,-6.6501,novel
2807,CHEMBL290916,EDARAVONE,0.2766,-6.6505,novel
2808,CHEMBL1163,ATAZANAVIR,0.2765,-6.6509,novel
2809,CHEMBL1200848,HYDROXYPROGESTERONE CAPROATE,0.2754,-6.6647,novel
2810,CHEMBL19236,MOXONIDINE,0.275,-6.6701,novel
2811,CHEMBL3833368,RUCAPARIB CAMSYLATE,0.2745,-6.6773,novel
2812,CHEMBL1788386,TETRAMETHRIN,0.2744,-6.6787,novel
2813,CHEMBL1200813,ACEBUTOLOL HYDROCHLORIDE,0.2741,-6.6823,novel
2814,CHEMBL1525,PERMETHRIN,0.2741,-6.6824,novel
2815,CHEMBL1017,TELMISARTAN,0.2734,-6.6913,novel
2816,CHEMBL3989820,ZOLPIDEM TARTRATE,0.2733,-6.692,novel
2817,CHEMBL595,PIOGLITAZONE,0.2733,-6.692,novel
2818,CHEMBL1201293,ACAMPROSATE,0.2726,-6.7014,novel
2819,CHEMBL645,BISOPROLOL,0.2725,-6.7033,novel
2820,CHEMBL967,TEMAZEPAM,0.2722,-6.7071,novel
2821,CHEMBL1189679,PALONOSETRON,0.2719,-6.7104,novel
2822,CHEMBL2018096,IPRAGLIFLOZIN,0.2719,-6.7111,novel
2823,CHEMBL2109624,CAPLACIZUMAB,0.2718,-6.7112,novel
2824,CHEMBL814,FLUVOXAMINE,0.2716,-6.7139,novel
2825,CHEMBL625,THIABENDAZOLE,0.2714,-6.7169,novel
2826,CHEMBL3545184,ETELCALCETIDE,0.2712,-6.7192,novel
2827,CHEMBL3833346,TOFERSEN,0.2703,-6.731,novel
2828,CHEMBL2,PRAZOSIN,0.2702,-6.7328,novel
2829,CHEMBL5315075,SUSOCTOCOG ALFA,0.2702,-6.733,novel
2830,CHEMBL1201647,"SUGAR, INVERT",0.2699,-6.7369,novel
2831,CHEMBL1658,RETAPAMULIN,0.2689,-6.7499,novel
2832,CHEMBL1008,BEPRIDIL,0.2686,-6.7538,novel
2833,CHEMBL1200689,NITRIC OXIDE,0.2681,-6.7595,novel
2834,CHEMBL1480,FELODIPINE,0.268,-6.7608,novel
2835,CHEMBL1237061,PITAVASTATIN CALCIUM,0.2677,-6.7643,novel
2836,CHEMBL1200696,POTASSIUM PERCHLORATE,0.2673,-6.7701,novel
2837,CHEMBL502097,MIPOMERSEN SODIUM,0.2673,-6.7702,novel
2838,CHEMBL3833393,EMICIZUMAB,0.2661,-6.7855,novel
2839,CHEMBL4297579,VALOCTOCOGENE ROXAPARVOVEC,0.2661,-6.7859,novel
2840,CHEMBL1237,LISINOPRIL ANHYDROUS,0.2658,-6.7896,novel
2841,CHEMBL6995,PRACTOLOL,0.2653,-6.7964,novel
2842,CHEMBL1414320,SUXIBUZONE,0.2651,-6.7981,novel
2843,CHEMBL1200331,FOSFOMYCIN TROMETHAMINE,0.2645,-6.8062,novel
2844,CHEMBL6068333,CLOPIDOGREL BESILATE,0.2637,-6.8167,novel
2845,CHEMBL4594603,LONOCTOCOG ALFA,0.2635,-6.8194,novel
2846,CHEMBL65375,TIPIRACIL HYDROCHLORIDE,0.2633,-6.8216,novel
2847,CHEMBL3039514,ELBASVIR,0.263,-6.8258,novel
2848,CHEMBL1668,RESCINNAMINE,0.2622,-6.8359,novel
2849,CHEMBL1200987,EPROSARTAN MESYLATE,0.2622,-6.8359,novel
2850,CHEMBL1237132,CLEVIDIPINE,0.262,-6.8385,novel
2851,CHEMBL3137333,ISAVUCONAZONIUM SULFATE,0.262,-6.8385,novel
2852,CHEMBL1200515,DESERPIDINE,0.2613,-6.8469,novel
2853,CHEMBL106,FLUCONAZOLE,0.2612,-6.8486,novel
2854,CHEMBL1311,ISOSORBIDE MONONITRATE,0.2608,-6.8539,novel
2855,CHEMBL56367,NIMESULIDE,0.2602,-6.8612,novel
2856,CHEMBL723,CARVEDILOL,0.2602,-6.8616,novel
2857,CHEMBL1200323,LABETALOL HYDROCHLORIDE,0.2597,-6.8683,novel
2858,CHEMBL13,METOPROLOL,0.2596,-6.8692,novel
2859,CHEMBL1796998,SULFUR HEXAFLUORIDE,0.2593,-6.8731,novel
2860,CHEMBL3989920,PITAVASTATIN SODIUM,0.2593,-6.8738,novel
2861,CHEMBL1201115,ESMOLOL HYDROCHLORIDE,0.2592,-6.8744,novel
2862,CHEMBL6966,VERAPAMIL,0.259,-6.8766,novel
2863,CHEMBL1201531,VERATRUM VIRIDE ROOT,0.2585,-6.8833,novel
2864,CHEMBL4594584,"ANTIHEMOPHILIC FACTOR, PEGYLATED (MW 20000) HUMAN SEQUENCE RECOMBINANT",0.2584,-6.8849,novel
2865,CHEMBL1560,CAPTOPRIL,0.258,-6.8896,novel
2866,CHEMBL1201569,RIMABOTULINUMTOXINB,0.2573,-6.8986,novel
2867,CHEMBL1200338,PINACIDIL,0.2573,-6.8997,novel
2868,CHEMBL4594262,AMLODIPINE BENZOATE,0.2567,-6.9062,novel
2869,CHEMBL376488,BEDAQUILINE,0.2565,-6.9089,novel
2870,CHEMBL1201731,NEBIVOLOL HYDROCHLORIDE,0.2564,-6.9106,novel
2871,CHEMBL3989676,OXYPHENBUTAZONE,0.2561,-6.915,novel
2872,CHEMBL2374220,LEDIPASVIR,0.2559,-6.9168,novel
2873,CHEMBL2097081,NITROPRUSSIDE,0.2558,-6.9182,novel
2874,CHEMBL6068339,IRBESARTAN HYDROCHLORIDE,0.2556,-6.9213,novel
2875,CHEMBL4650275,LUMASIRAN SODIUM,0.2556,-6.9213,novel
2876,CHEMBL122,ROFECOXIB,0.2551,-6.9278,novel
2877,CHEMBL471,SOTALOL,0.2549,-6.9307,novel
2878,CHEMBL4594338,NEDOSIRAN SODIUM,0.2548,-6.9312,novel
2879,CHEMBL5095275,EFANESOCTOCOG ALFA,0.2542,-6.9387,novel
2880,CHEMBL2107386,VORAPAXAR SULFATE,0.2541,-6.9405,novel
2881,CHEMBL1472989,BISOPROLOL FUMARATE,0.2536,-6.9471,novel
2882,CHEMBL685,MEBENDAZOLE,0.2534,-6.95,novel
2883,CHEMBL771,CYCLOSERINE,0.2531,-6.9529,novel
2884,CHEMBL5315071,TUROCTOCOG ALFA PEGOL,0.2528,-6.9575,novel
2885,CHEMBL3544986,PERINDOPRIL ARGININE,0.2512,-6.9775,novel
2886,CHEMBL3989522,EDETATE CALCIUM DISODIUM MONOHYDRATE,0.2511,-6.9794,novel
2887,CHEMBL2109540,ALIROCUMAB,0.251,-6.9809,novel
2888,CHEMBL1201167,CARVEDILOL PHOSPHATE,0.2506,-6.9858,novel
2889,CHEMBL2103873,MACITENTAN,0.2505,-6.9874,novel
2890,CHEMBL3545191,EVINACUMAB,0.2503,-6.9891,novel
2891,CHEMBL1200534,MOEXIPRIL HYDROCHLORIDE,0.2502,-6.9903,novel
2892,CHEMBL1431,METFORMIN,0.2502,-6.9912,novel
2893,CHEMBL4594288,LEVAMLODIPINE MALEATE,0.2498,-6.9964,novel
2894,CHEMBL3544985,DASABUVIR SODIUM MONOHYDRATE,0.2496,-6.9985,novel
2895,CHEMBL429,LABETALOL,0.2492,-7.0038,novel
2896,CHEMBL2108319,SIMOCTOCOG ALFA,0.2491,-7.0046,novel
2897,CHEMBL1200397,BUTENAFINE HYDROCHLORIDE,0.249,-7.0062,novel
2898,CHEMBL1412,PIPERAZINE,0.2489,-7.0072,novel
2899,CHEMBL1201773,PRASUGREL HYDROCHLORIDE,0.2487,-7.0099,novel
2900,CHEMBL1168,RAMIPRIL,0.2482,-7.0165,novel
2901,CHEMBL24072,PRENYLAMINE,0.2471,-7.0307,novel
2902,CHEMBL1139,EPOPROSTENOL,0.247,-7.0318,novel
2903,CHEMBL1491,AMLODIPINE,0.2468,-7.035,novel
2904,CHEMBL4297889,AVACINCAPTAD PEGOL SODIUM,0.2462,-7.0425,novel
2905,CHEMBL522038,XIMELAGATRAN,0.2461,-7.0432,novel
2906,CHEMBL1072,BUMETANIDE,0.2458,-7.0471,novel
2907,CHEMBL1026,FENOLDOPAM MESYLATE,0.2458,-7.0473,novel
2908,CHEMBL2107834,RIOCIGUAT,0.2458,-7.0474,novel
2909,CHEMBL1256137,CYSTEAMINE HYDROCHLORIDE,0.2453,-7.0539,novel
2910,CHEMBL3,NICOTINE,0.2453,-7.0543,novel
2911,CHEMBL2108286,TUROCTOCOG ALFA,0.2453,-7.0547,novel
2912,CHEMBL493982,VORAPAXAR,0.2439,-7.0718,novel
2913,CHEMBL1428,NIMODIPINE,0.2434,-7.0789,novel
2914,CHEMBL1200326,NICARDIPINE HYDROCHLORIDE,0.2424,-7.0911,novel
2915,CHEMBL847,OXAMNIQUINE,0.2424,-7.0912,novel
2916,CHEMBL711,PHENINDIONE,0.2423,-7.0933,novel
2917,CHEMBL2108791,TENECTEPLASE,0.2422,-7.0945,novel
2918,CHEMBL1441,ETHIONAMIDE,0.2421,-7.0958,novel
2919,CHEMBL3545313,BEMPEDOIC ACID,0.2419,-7.098,novel
2920,CHEMBL1201260,BETHANIDINE,0.2414,-7.1039,novel
2921,CHEMBL1201534,DANAPAROID SODIUM,0.241,-7.1091,novel
2922,CHEMBL3989822,POTASSIUM CITRATE,0.2406,-7.1154,novel
2923,CHEMBL2109137,MOROCTOCOG ALFA,0.2403,-7.1187,novel
2924,CHEMBL916,TIROFIBAN,0.24,-7.1223,novel
2925,CHEMBL1201505,"FIBRINOLYSIN, HUMAN",0.2396,-7.1271,novel
2926,CHEMBL1663,PERFLUTREN,0.2391,-7.1337,novel
2927,CHEMBL19299,LOXOPROFEN,0.2387,-7.1394,novel
2928,CHEMBL4297945,EFMOROCTOCOG ALFA,0.2372,-7.1587,novel
2929,CHEMBL1174,EPTIFIBATIDE,0.2364,-7.1691,novel
2930,CHEMBL2103795,AZILSARTAN KAMEDOXOMIL,0.2363,-7.1699,novel
2931,CHEMBL416146,ETORICOXIB,0.2361,-7.1734,novel
2932,CHEMBL1465,PHENPROCOUMON,0.236,-7.1747,novel
2933,CHEMBL2105662,LOMITAPIDE MESYLATE,0.2359,-7.1751,novel
2934,CHEMBL1201420,UROKINASE,0.2359,-7.1761,novel
2935,CHEMBL1201865,VELAGLUCERASE ALFA,0.2358,-7.1767,novel
2936,CHEMBL1454,LEVAMISOLE,0.2352,-7.1846,novel
2937,CHEMBL2110588,ELIGLUSTAT,0.2351,-7.1853,novel
2938,CHEMBL419213,LISINOPRIL,0.2345,-7.1941,novel
2939,CHEMBL1200574,SODIUM CHLORIDE,0.2333,-7.2085,novel
2940,CHEMBL684,DIETHYLCARBAMAZINE,0.2333,-7.2094,novel
2941,CHEMBL2108147,STREPTOKINASE,0.2323,-7.2222,novel
2942,CHEMBL6622,ISOSORBIDE DINITRATE,0.2322,-7.2237,novel
2943,CHEMBL5315089,"DEFATTED POWDER OF ARACHIS HYPOGAEA L., SEMEN (PEANUTS)",0.2321,-7.2245,novel
2944,CHEMBL3559672,RAUWOLFIA SERPENTINA,0.2321,-7.2248,novel
2945,CHEMBL926,DOBUTAMINE,0.232,-7.2263,novel
2946,CHEMBL469,KETOROLAC,0.2318,-7.2284,novel
2947,CHEMBL1484,NICARDIPINE,0.2315,-7.2322,novel
2948,CHEMBL539697,DABIGATRAN ETEXILATE,0.2308,-7.2407,novel
2949,CHEMBL1200577,CYSTEAMINE BITARTRATE,0.2307,-7.2425,novel
2950,CHEMBL3391662,PARITAPREVIR,0.2293,-7.2606,novel
2951,CHEMBL6068340,PRASUGREL BESYLATE,0.2292,-7.2615,novel
2952,CHEMBL434394,NEBIVOLOL,0.2288,-7.2673,novel
2953,CHEMBL1908361,LEVOLEUCOVORIN CALCIUM,0.2272,-7.2872,novel
2954,CHEMBL1452696,FEPRAZONE,0.2264,-7.2982,novel
2955,CHEMBL1964120,TALIGLUCERASE ALFA,0.225,-7.3157,novel
2956,CHEMBL2145077,IVABRADINE HYDROCHLORIDE,0.2239,-7.3308,novel
2957,CHEMBL5723563,ELIGLUSTAT TARTRATE,0.2225,-7.3484,novel
2958,CHEMBL2108157,VOTUMUMAB,0.2223,-7.3506,novel
2959,CHEMBL2218894,FLUVASTATIN SODIUM,0.222,-7.3543,novel
2960,CHEMBL1183717,ALMITRINE,0.2218,-7.3579,novel
2961,CHEMBL799,CILOSTAZOL,0.221,-7.3681,novel
2962,CHEMBL1519,TRANDOLAPRIL,0.2203,-7.3775,novel
2963,CHEMBL1711,ISOPROTERENOL HYDROCHLORIDE,0.22,-7.381,novel
2964,CHEMBL3545062,VELPATASVIR,0.2192,-7.3913,novel
2965,CHEMBL2364655,EVOLOCUMAB,0.2189,-7.3951,novel
2966,CHEMBL1200977,MILRINONE LACTATE,0.2185,-7.4005,novel
2967,CHEMBL1201474,COLESTIPOL HYDROCHLORIDE,0.2183,-7.4026,novel
2968,CHEMBL23,DILTIAZEM,0.2182,-7.4045,novel
2969,CHEMBL2356097,METOPROLOL SUCCINATE,0.2166,-7.4242,novel
2970,CHEMBL1138,EZETIMIBE,0.2166,-7.4245,novel
2971,CHEMBL3545059,ALISKIREN FUMARATE,0.2155,-7.4388,novel
2972,CHEMBL1755,CONIVAPTAN,0.2144,-7.4535,novel
2973,CHEMBL569,PROCAINE,0.214,-7.4582,novel
2974,CHEMBL1201138,LEUCOVORIN CALCIUM,0.2133,-7.4667,novel
2975,CHEMBL2221250,CAPREOMYCIN,0.2116,-7.4894,novel
2976,CHEMBL136478,SODIUM NITROPRUSSIDE,0.2111,-7.496,novel
2977,CHEMBL1201584,ABCIXIMAB,0.2102,-7.5071,novel
2978,CHEMBL2218913,CAPREOMYCIN SULFATE,0.2102,-7.5076,novel
2979,CHEMBL1169,AMINOSALICYLIC ACID,0.2095,-7.516,novel
2980,CHEMBL61593,CYCLOTHIAZIDE,0.2092,-7.5206,novel
2981,CHEMBL1200659,ENALAPRIL MALEATE,0.2091,-7.5221,novel
2982,CHEMBL1726,NISOLDIPINE,0.2085,-7.5286,novel
2983,CHEMBL3317857,VABORBACTAM,0.2064,-7.556,novel
2984,CHEMBL2063090,GRAZOPREVIR ANHYDROUS,0.2064,-7.5567,novel
2985,CHEMBL1222250,DEXTROSE,0.2042,-7.5842,novel
2986,CHEMBL1474889,CLOBUTINOL,0.2026,-7.605,novel
2987,CHEMBL1200343,PERINDOPRIL ERBUMINE,0.2022,-7.61,novel
2988,CHEMBL44884,ETHAMBUTOL,0.2016,-7.6189,novel
2989,CHEMBL75880,PERHEXILINE,0.2006,-7.631,novel
2990,CHEMBL5315084,"PANCREAS POWDER, PORCINE",0.1983,-7.6603,novel
2991,CHEMBL2062335,METOPROLOL TARTRATE,0.1897,-7.7715,novel
2992,CHEMBL471737,IVABRADINE,0.1878,-7.7971,novel
2993,CHEMBL4297528,RISDIPLAM,0.1857,-7.824,novel
2994,CHEMBL1684,BENDROFLUMETHIAZIDE,0.1835,-7.8525,novel
2995,CHEMBL3545123,PIBRENTASVIR,0.1816,-7.8771,novel
2996,CHEMBL27,PROPRANOLOL,0.1805,-7.8913,novel
2997,CHEMBL3039596,FOSINOPRIL SODIUM,0.18,-7.8968,novel
2998,CHEMBL559,DEXTROTHYROXINE,0.1784,-7.9173,novel
2999,CHEMBL2108304,ALIPOGENE TIPARVOVEC,0.1783,-7.9186,novel
3000,CHEMBL3833342,NUSINERSEN SODIUM,0.1782,-7.9201,novel
3001,CHEMBL52440,DEXTROMETHORPHAN,0.1776,-7.9282,novel
3002,CHEMBL1477,CERIVASTATIN,0.1765,-7.9426,novel
3003,CHEMBL813,EPROSARTAN,0.1764,-7.9441,novel
3004,CHEMBL1500276,OXELADIN,0.1727,-7.9916,novel
3005,CHEMBL1374379,BENZONATATE,0.1722,-7.9975,novel
3006,CHEMBL1201313,CHLOPHEDIANOL,0.1713,-8.0094,novel
3007,CHEMBL3137358,SIMEPREVIR SODIUM,0.1692,-8.0362,novel
3008,CHEMBL1648,ISRADIPINE,0.1676,-8.0574,novel
3009,CHEMBL2303621,DACLATASVIR DIHYDROCHLORIDE,0.1665,-8.0712,novel
3010,CHEMBL2105224,PHOLCODINE,0.1663,-8.0746,novel
3011,CHEMBL3039537,SEBELIPASE ALFA,0.1649,-8.0922,novel
3012,CHEMBL408403,ANGIOTENSIN II,0.1639,-8.1052,novel
3013,CHEMBL4297240,ONASEMNOGENE ABEPARVOVEC,0.1614,-8.1372,novel
3014,CHEMBL3989973,PEXIDARTINIB HYDROCHLORIDE,0.1601,-8.1539,novel
3015,CHEMBL1457,HYDROCODONE,0.1591,-8.1667,novel
3016,CHEMBL1165,MOEXIPRIL,0.1569,-8.1956,novel
3017,CHEMBL2105497,ZIPEPROL,0.1563,-8.2031,novel
3018,CHEMBL628,PENTOXIFYLLINE,0.1544,-8.2275,novel
3019,CHEMBL1237070,MICAFUNGIN SODIUM,0.1543,-8.229,novel
3020,CHEMBL1201668,NESIRITIDE,0.1515,-8.2655,novel
3021,CHEMBL945,AMILORIDE,0.1512,-8.2685,novel
3022,CHEMBL1751,DIGOXIN,0.1508,-8.2738,novel
3023,CHEMBL3545363,GLECAPREVIR,0.1473,-8.3192,novel
3024,CHEMBL3707372,VOXILAPREVIR,0.1457,-8.3397,novel
3025,CHEMBL1200418,DOBUTAMINE HYDROCHLORIDE,0.1457,-8.34,novel
3026,CHEMBL431,SPIRAPRIL,0.1428,-8.3771,novel
3027,CHEMBL1581,PERINDOPRIL,0.1406,-8.4064,novel
3028,CHEMBL1201108,CONIVAPTAN HYDROCHLORIDE,0.1403,-8.4103,novel
3029,CHEMBL3039598,FOSINOPRIL,0.1399,-8.4154,novel
3030,CHEMBL191,LOSARTAN,0.1397,-8.4178,novel
3031,CHEMBL1592,QUINAPRIL,0.1394,-8.4209,novel
3032,CHEMBL317094,IMIDAPRIL,0.1299,-8.5438,novel
3033,CHEMBL3137301,SACUBITRIL,0.1269,-8.5825,novel
3034,CHEMBL1463345,CANRENONE,0.1267,-8.5857,novel
3035,CHEMBL1577,METHYCLOTHIAZIDE,0.1265,-8.5875,novel
3036,CHEMBL189,MILRINONE,0.1235,-8.6271,novel
3037,CHEMBL12856,INAMRINONE,0.1221,-8.6455,novel
3038,CHEMBL1532,QUINETHAZONE,0.1221,-8.6455,novel
3039,CHEMBL1763,HYDROFLUMETHIAZIDE,0.1221,-8.6455,novel
3040,CHEMBL1201251,ARBUTAMINE,0.1221,-8.6455,novel
3041,CHEMBL1201319,METARAMINOL,0.1221,-8.6455,novel
3042,CHEMBL1874750,CINEPAZIDE,0.1221,-8.6455,novel
3043,CHEMBL1908307,FLOSEQUINAN,0.1221,-8.6455,novel
3044,CHEMBL2311030,ERGOLOID MESYLATES,0.1221,-8.6455,novel
3045,CHEMBL3182320,TROXERUTIN,0.1221,-8.6455,novel
3046,CHEMBL1201234,MEPHENTERMINE,0.1187,-8.6888,novel
3047,CHEMBL6068331,COLESEVELAM,0.1187,-8.689,novel
3048,CHEMBL404849,SULOCTIDIL,0.1177,-8.7016,novel
3049,CHEMBL2106794,NAFTAZONE,0.1169,-8.712,novel
3050,CHEMBL1148,TORSEMIDE,0.1163,-8.7203,novel
3051,CHEMBL4066936,VERICIGUAT,0.1161,-8.7219,novel
3052,CHEMBL3545057,ACETYLDIGITOXIN,0.115,-8.7372,novel
3053,CHEMBL1697760,MUZOLIMINE,0.111,-8.7879,novel
3054,CHEMBL1165342,VINCAMINE,0.1107,-8.7927,novel
3055,CHEMBL1201212,MIDODRINE,0.1099,-8.8023,novel
3056,CHEMBL2219536,MIPOMERSEN,0.1085,-8.8206,novel
3057,CHEMBL578,ENALAPRIL,0.1067,-8.8443,novel
3058,CHEMBL232201,BENZIODARONE,0.1064,-8.8481,novel
3059,CHEMBL1614,DESLANOSIDE,0.1061,-8.8512,novel
3060,CHEMBL1144,PRAVASTATIN,0.1034,-8.8865,novel
3061,CHEMBL254219,DIGITOXIN,0.1033,-8.8881,novel
3062,CHEMBL2111097,LEVAMLODIPINE,0.1008,-8.9204,novel
3063,CHEMBL1587,POLYTHIAZIDE,0.0992,-8.94,novel
3064,CHEMBL1496,ROSUVASTATIN,0.0935,-9.0145,novel
3065,CHEMBL1201745,CHOLINE FENOFIBRATE,0.0933,-9.0167,novel
3066,CHEMBL1200943,MERSALYL,0.0924,-9.0283,novel
3067,CHEMBL1487,ATORVASTATIN,0.0884,-9.0802,novel
3068,CHEMBL1201753,PITAVASTATIN,0.0851,-9.1229,novel
3069,CHEMBL838,BENAZEPRIL,0.081,-9.176,novel
3070,CHEMBL1639,ALISKIREN,0.0664,-9.3643,novel
3071,CHEMBL2220442,FLUVASTATIN,0.0,-10.2215,novel
